Papel;Cotação;P/L;P/VP;PSR;Div.Yield;P/Ativo;P/Cap.Giro;P/EBIT;P/Ativ Circ.Liq;EV/EBIT;EV/EBITDA;Mrg Bruta;Mrg Ebit;Mrg. Líq.;Liq. Corr.;ROIC;ROE;Liq.2meses;Patrim. Líq;Dív.Líq/ Patrim.;Cresc. Rec.5a
CLAN3;0.0;0.0;0.0;0.0;0,00%;0.0;0.0;0.0;0.0;0.0;0.0;0,00%;0,00%;0,00%;0.0;0,00%;-1,05%;0.0;1012240000.0;0.08;-63,96%
MNSA4;0.47;0.0;0.0;0.0;0,00%;0.0;0.0;0.0;0.0;0.0;0.0;66,76%;-208,15%;-362,66%;3.63;-13,50%;145,70%;0.0;-9105000.0;-5.16;-41,11%
CSTB4;147.69;0.0;0.0;0.0;0,00%;0.0;0.0;0.0;0.0;0.0;0.0;45,41%;40,85%;28,98%;2.6;22,40%;20,11%;0.0;8420670000.0;0.09;31,91%
PORP4;2.4;0.0;0.0;0.0;0,00%;0.0;0.0;0.0;0.0;0.0;0.0;0,00%;0,00%;0,00%;0.0;0,00%;-2,08%;0.0;22399000.0;-0.01;13,66%
IVTT3;0.0;0.0;0.0;0.0;0,00%;0.0;0.0;0.0;0.0;0.0;0.0;0,00%;0,00%;0,00%;0.0;0,00%;-0,40%;0.0;1083050000.0;0.10;20,67%
MNSA3;0.42;0.0;0.0;0.0;0,00%;0.0;0.0;0.0;0.0;0.0;0.0;66,76%;-208,15%;-362,66%;3.63;-13,50%;145,70%;0.0;-9105000.0;-5.16;-41,11%
CFLU4;1000.0;0.0;0.0;0.0;0,00%;0.0;0.0;0.0;0.0;0.0;0.0;39,30%;8,88%;10,72%;1.1;17,68%;32,15%;0.0;60351000.0;-0.04;8,14%
CSTB3;150.0;0.0;0.0;0.0;0,00%;0.0;0.0;0.0;0.0;0.0;0.0;45,41%;40,85%;28,98%;2.6;22,40%;20,11%;0.0;8420670000.0;0.09;31,91%
POPR4;10.17;0.0;0.0;0.0;0,00%;0.0;0.0;0.0;0.0;0.0;0.0;16,37%;8,66%;5,65%;1.08;15,25%;19,93%;0.0;545803000.0;0.79;30,93%
PMET3;0.0;0.0;0.0;0.0;0,00%;0.0;0.0;0.0;0.0;0.0;0.0;0,00%;0,00%;0,00%;0.0;0,00%;4,10%;0.0;-290863000.0;-0.74;37,74%
BBTG12;3.15;-88662.0;37998.0;0.0;0,00%;886.62;0.0;-124.06;0.0;-124.06;-124.06;0,00%;0,00%;0,00%;0.0;0,00%;-42,86%;0.0;7000.0;0.00;0,00%
GNDI3;66.95;-3584.82;5.84;3.423;2,39%;2.378;79.65;87.05;-6.21;91.13;50.88;18,55%;3,93%;-0,09%;1.17;3,09%;-0,16%;0.0;7116080000.0;0.27;25,23%
DOHL3;6.46;-2857.7;0.71;0.786;0,51%;0.462;1.03;-18.5;1.92;-20.82;-113.96;21,04%;-4,25%;-0,03%;4.1;-3,01%;-0,02%;15.02;686474000.0;0.09;-1,67%
DOHL4;3.66;-1619.07;0.4;0.446;0,99%;0.262;0.59;-10.48;1.09;-12.8;-70.07;21,04%;-4,25%;-0,03%;4.1;-3,01%;-0,02%;15469.6;686474000.0;0.09;-1,67%
GOLL4;0.79;-728.51;-55.91;43.009;0,00%;35.628;-177.53;673.75;-27.19;682.72;216.02;27,24%;6,38%;-5,90%;0.62;6,69%;7,67%;0.0;-17002400000.0;-0.74;27,25%
PLDN4;486.0;-553.07;1.08;0.919;0,00%;0.611;1.07;-75.56;3.1;-33.12;-33.12;7,33%;-1,22%;-0,17%;10.81;-1,27%;-0,20%;0.0;289939000.0;-0.61;10,26%
LCSA4;35.09;-337.52;-228.0;79.738;0,00%;125.308;-202.27;-505.8;-96.61;-506.56;-506.56;14,09%;-15,77%;-23,63%;0.29;-28,74%;67,55%;0.0;-377568000.0;-0.35;6.354,07%
BHGR3;19.1;-272.16;1.1;3.613;0,00%;0.855;-194.45;23.7;-8.56;25.95;14.2;59,86%;15,24%;-1,31%;0.96;3,93%;-0,40%;0.0;1077600000.0;0.10;20,67%
DMMO3;1.76;-258.65;-1.72;2.854;0,00%;3.346;11.9;6.37;-1.37;5.9;5.42;54,54%;44,81%;-1,10%;2.25;70,39%;0,66%;0.0;-553275000.0;0.13;-17,37%
SRNA3;12.62;-251.28;1.46;1.076;0,00%;0.367;5.38;10.1;-0.67;23.74;11.66;13,91%;10,66%;-0,44%;1.53;4,09%;-0,58%;0.0;5386560000.0;1.97;52,06%
EPAR4;3.3;-226.0;1.21;21.816;0,00%;0.848;5.01;-13.9;-10.38;-11.09;-14.14;97,82%;-156,98%;-9,65%;4.69;-7,38%;-0,53%;0.0;40672000.0;-0.24;-83,38%
RJCP3;0.01;-224.7;0.65;0.0;0,00%;0.619;0.0;-522.94;0.0;-523.96;-917.32;0,00%;0,00%;0,00%;0.0;0,00%;-0,29%;0.0;17287200.0;0.00;0,00%
ABYA3;4.91;-214.8;1.76;2.055;0,00%;0.527;1.98;19.96;-2.75;33.67;33.67;32,03%;10,29%;-0,96%;2.09;2,78%;-0,82%;0.0;292060000.0;1.21;16,41%
PITI4;1.28;-204.74;0.0;0.0;0,00%;0.0;0.0;-2637.65;0.0;-2637.65;111.07;0,00%;0,00%;0,00%;0.0;0,00%;0,00%;0.0;0.0;-;-29,63%
DXCO3;5.81;-148.06;0.77;0.63;0,00%;0.28;1.68;8.04;-1.02;14.92;5.05;25,73%;7,83%;0,62%;1.98;4,35%;-0,52%;9983950.0;6923080000.0;0.66;-0,05%
GEPA4;36.97;-133.28;2.54;29.358;17,31%;0.879;-8.74;106.83;-1.62;131.59;61.04;25,63%;27,48%;-22,03%;0.52;1,04%;-1,90%;9484.54;1376710000.0;0.59;-43,54%
LCSA3;12.5;-120.23;-81.22;28.405;0,00%;44.638;-72.05;-180.18;-34.41;-180.95;-180.95;14,09%;-15,77%;-23,63%;0.29;-28,74%;67,55%;0.0;-377568000.0;-0.35;6.354,07%
MAGG3;59.4;-119.98;1.32;0.684;0,00%;0.44;9.32;4.07;-1.55;6.41;5.34;33,56%;16,82%;-0,57%;1.14;14,05%;-1,10%;0.0;2246130000.0;0.76;9,27%
GEPA3;33.2;-119.69;2.28;26.364;19,28%;0.789;-7.85;95.94;-1.45;120.7;55.99;25,63%;27,48%;-22,03%;0.52;1,04%;-1,90%;1587.21;1376710000.0;0.59;-43,54%
SQIA3;27.37;-110.33;3.7;3.592;0,00%;1.49;25.87;62.33;-3.84;67.32;18.5;42,19%;5,76%;-2,88%;1.43;2,81%;-3,35%;0.0;650717000.0;0.30;46,32%
LINX3;37.4;-90.95;4.38;7.885;1,52%;2.745;11.96;53.17;47.06;51.49;22.97;68,70%;14,83%;-8,67%;2.14;6,82%;-4,81%;0.0;1619010000.0;-0.14;15,54%
BNCA3;70.3;-90.3;2.45;0.0;0,00%;0.0;0.0;0.0;0.0;0.0;0.0;0,00%;0,00%;0,00%;0.0;0,00%;-2,72%;0.0;3068150000.0;0.00;2,41%
EPAR3;1.24;-84.92;0.45;8.197;0,00%;0.319;1.88;-5.22;-3.9;-2.41;-3.08;97,82%;-156,98%;-9,65%;4.69;-7,38%;-0,53%;8677.3;40672000.0;-0.24;-83,38%
AMIL3;32.2;-73.28;7.7;1.129;0,00%;2.003;-16.95;136.58;-5.43;138.61;50.13;24,56%;0,83%;-1,53%;0.75;2,22%;-10,51%;0.0;1532980000.0;0.11;28,47%
BRTP3;35.71;-67.26;2.45;1.168;0,00%;0.684;8.98;6.03;-2.4;7.55;7.55;44,82%;19,37%;-2,96%;1.29;13,41%;-3,64%;0.0;5302340000.0;0.62;3,66%
IDVL11;140.0;-66.0;60.56;0.0;0,00%;0.0;0.0;0.0;0.0;0.0;0.0;0,00%;0,00%;0,00%;0.0;0,00%;-91,76%;0.0;237683000.0;0.00;0,00%
LAND3;9.2;-62.06;1.35;9.756;0,00%;0.944;-1236.44;15.44;-5.39;15.26;14.45;95,40%;63,19%;-15,72%;0.99;6,80%;-2,18%;378036.0;653550000.0;-0.02;-5,00%
BAHI4;86.0;-50.26;1383.12;6.76;0,00%;5.977;-13.04;247.03;-7.41;253.15;115.54;46,22%;2,74%;-11,81%;0.19;2,51%;-2.752,17%;0.0;1656000.0;34.29;0,98%
MTIG4;23.0;-49.52;-359.15;56.001;0,00%;36.906;-50.93;-94.31;-44.0;-95.57;-104.6;-16,12%;-59,38%;-113,09%;0.27;-47,80%;725,28%;0.0;-7835380.0;-4.79;-26,54%
SCLO3;14.1;-48.68;-102.79;0.0;0,00%;275.93;-92.95;-29.25;-91.43;-29.31;-29.31;0,00%;0,00%;0,00%;0.18;-955,44%;211,14%;0.0;-131693.0;-0.21;0,00%
TOYB4;2.5;-47.96;-5.43;5.256;0,00%;4.405;-6.47;-9.04;-3.83;-9.15;-9.67;24,06%;-58,16%;-10,96%;0.49;-59,36%;11,31%;0.0;-13852000.0;-0.07;-26,99%
IMBI3;5.01;-46.42;2.81;2659.02;0,00%;0.518;-2.21;-97.12;-0.37;-104.72;-107.45;31,82%;-2.737,88%;-13.821,20%;0.05;-0,54%;-6,05%;0.0;62544000.0;0.22;-57,16%
CLAN4;3.0;-44.92;0.47;15.151;0,00%;0.406;-15.5;-82.56;-6.36;-97.43;22.68;3,05%;-18,35%;-33,73%;0.73;-0,50%;-1,05%;0.0;1012240000.0;0.08;-63,96%
TOYB3;2.29;-43.94;-4.97;4.815;0,00%;4.035;-5.93;-8.28;-3.5;-8.39;-8.87;24,06%;-58,16%;-10,96%;0.49;-59,36%;11,31%;0.0;-13852000.0;-0.07;-26,99%
EBTP3;10.21;-43.56;1.17;0.548;0,00%;0.353;-502.47;6.42;-0.73;8.46;2.85;32,75%;8,53%;-1,03%;0.99;6,03%;-2,68%;0.0;10782200000.0;0.37;22,10%
SCAR3;12.42;-43.26;0.74;2.855;57,17%;0.221;1.59;29.56;-0.5;31.39;8.48;50,12%;9,66%;-2,43%;2.13;0,97%;-1,70%;205330.0;972626000.0;0.05;-8,65%
EBTP4;10.0;-42.66;1.14;0.537;0,00%;0.346;-492.13;6.29;-0.71;8.33;2.81;32,75%;8,53%;-1,03%;0.99;6,03%;-2,68%;0.0;10782200000.0;0.37;22,10%
GPAR3;10.51;-40.09;0.0;-44.707;14,42%;0.0;0.0;129.37;0.0;129.37;113.19;63,23%;-34,56%;111,51%;0.0;0,00%;0,00%;0.0;0.0;-;-53,04%
FBRA4;34.58;-39.57;1.66;0.457;0,00%;0.738;18.94;7.4;-4.43;10.62;10.62;15,13%;6,18%;-1,15%;1.11;11,94%;-4,20%;0.0;213406000.0;0.72;12,48%
BRTP4;20.81;-39.19;1.43;0.681;0,00%;0.399;5.23;3.51;-1.4;5.03;5.03;44,82%;19,37%;-2,96%;1.29;13,41%;-3,64%;0.0;5302340000.0;0.62;3,66%
BAHI5;65.0;-37.98;1045.39;5.109;0,00%;4.517;-9.85;186.71;-5.6;192.83;88.01;46,22%;2,74%;-11,81%;0.19;2,51%;-2.752,17%;0.0;1656000.0;34.29;0,98%
ITEC3;40.1;-35.12;22.04;2611.69;0,00%;9.216;25.42;-26.0;-68.91;-24.8;-29.56;-121,18%;-10.044,70%;-7.435,88%;5.23;-63,06%;-62,76%;0.0;20143000.0;-1.02;-74,79%
IRBR3;61.66;-34.31;0.95;1.131;2,56%;0.334;0.0;41.35;0.0;0.0;0.0;1,14%;2,74%;-3,30%;0.0;0,00%;-2,76%;47489000.0;5328370000.0;0.00;-34,48%
IMBI4;3.5;-32.43;1.96;1857.6;0,00%;0.362;-1.54;-67.85;-0.26;-75.44;-77.41;31,82%;-2.737,88%;-13.821,20%;0.05;-0,54%;-6,05%;0.0;62544000.0;0.22;-57,16%
PRTX3;2.77;-32.27;-145.32;297.651;0,00%;1.4;-2.57;-97.11;-1.43;-128.99;37.19;44,66%;-306,50%;-922,47%;0.05;-1,50%;450,37%;0.0;-18917000.0;-47.71;307,96%
NGRD3;34.28;-31.89;0.72;1.172;0,00%;0.566;2.25;-18.45;3.8;-11.67;12.79;58,79%;-6,35%;-3,67%;3.21;-4,30%;-2,26%;0.0;434557000.0;-0.26;1,35%
DFVA3;9.9;-31.38;60.69;4.327;0,00%;5.365;29.1;-55.91;-31.47;-58.28;-58.28;39,59%;-7,74%;-13,79%;1.33;-10,35%;-193,42%;0.0;1170000.0;2.58;3,39%
SIMH3;9.63;-30.83;0.95;0.126;1,78%;0.061;0.81;0.72;-0.11;6.4;3.91;26,72%;17,37%;-0,18%;1.28;11,25%;-3,10%;25671200.0;5887580000.0;7.48;24,35%
ASTA4;25.83;-30.79;1.0;0.652;0,00%;0.446;2.57;19.9;-3.3;33.2;33.2;16,00%;3,28%;-2,12%;1.71;2,52%;-3,25%;0.0;515672000.0;0.67;-4,73%
VGOR4;5.87;-29.58;7.18;1.229;0,00%;1.468;113.97;27.32;-3.22;34.09;34.09;29,85%;4,50%;-4,59%;1.04;6,00%;-24,29%;0.0;135178000.0;1.78;4,77%
CRBM3;90.0;-28.95;3.26;1.498;0,00%;1.172;2.98;-15.45;16.9;-14.17;-14.17;-7,97%;-9,70%;-5,18%;2.24;-12,71%;-11,28%;0.0;827347000.0;-0.27;-1,58%
MAPT4;3.0;-28.13;-0.42;0.0;0,00%;3.567;-2757.0;-34.9;-0.37;-34.9;-34.9;0,00%;0,00%;0,00%;0.0;-10,22%;1,48%;0.0;-6600000.0;0.00;0,00%
DTCY3;2.0;-25.47;-110.76;3.116;0,00%;5.482;114.75;-22.97;-17.72;-20.97;-44.66;22,89%;-13,56%;-12,23%;1.07;-46,99%;434,83%;881.58;-201000.0;9.65;-4,34%
DFVA4;8.0;-25.35;49.04;3.497;0,00%;4.335;23.51;-45.18;-25.43;-47.55;-47.55;39,59%;-7,74%;-13,79%;1.33;-10,35%;-193,42%;0.0;1170000.0;2.58;3,39%
HBSA3;3.33;-25.33;2.17;2.017;0,00%;0.766;4.77;8.14;-1.85;12.66;7.69;38,04%;24,78%;-7,96%;3.26;11,14%;-8,56%;5303070.0;2090450000.0;1.20;9,30%
CLSA3;10.51;-24.46;3.06;4.148;0,00%;2.3;7.91;-13.18;8.04;-10.92;-16.07;33,36%;-31,48%;-16,96%;2.19;-30,79%;-12,52%;0.0;644827000.0;-0.52;-0,03%
MODL3;3.08;-22.99;1.88;0.0;0,71%;0.0;0.0;0.0;0.0;0.0;0.0;0,00%;0,00%;0,00%;0.0;0,00%;-8,17%;0.0;1154890000.0;0.00;-62,37%
TAMM4;52.73;-22.74;3.8;0.626;0,00%;0.524;-31.11;9.77;-0.96;18.01;9.66;26,49%;6,41%;-2,21%;0.95;6,36%;-16,70%;0.0;2174310000.0;3.20;9,79%
TAMM3;52.6;-22.68;3.79;0.625;0,00%;0.523;-31.04;9.74;-0.96;17.98;9.65;26,49%;6,41%;-2,21%;0.95;6,36%;-16,70%;0.0;2174310000.0;3.20;9,79%
MODL11;8.46;-21.05;1.72;0.0;0,00%;0.0;0.0;0.0;0.0;0.0;0.0;0,00%;0,00%;0,00%;0.0;0,00%;-8,17%;0.0;1154890000.0;0.00;-62,37%
AESB3;8.11;-20.99;1.83;1.981;0,00%;0.424;-11.74;8.25;-0.73;17.92;10.65;27,29%;24,01%;-7,11%;0.79;5,70%;-8,72%;0.0;4565400000.0;2.15;13,34%
JSLG3;7.66;-20.92;1.85;0.223;25,05%;0.181;1.78;2.2;-0.34;8.6;4.58;15,46%;10,11%;-1,07%;1.37;9,68%;-8,83%;6115950.0;1182770000.0;5.37;17,46%
MODL4;2.72;-20.3;1.66;0.0;0,00%;0.0;0.0;0.0;0.0;0.0;0.0;0,00%;0,00%;0,00%;0.0;0,00%;-8,17%;0.0;1154890000.0;0.00;-62,37%
AGRO3;17.54;-20.01;0.89;1.948;4,29%;0.486;4.69;-40.76;-3.05;-68.98;86.21;10,42%;-4,78%;-9,73%;1.54;-1,30%;-4,44%;3326940.0;2025310000.0;0.62;-14,34%
MAPT3;2.06;-19.32;-0.29;0.0;0,00%;2.449;-1893.14;-23.96;-0.26;-23.96;-23.96;0,00%;0,00%;0,00%;0.0;-10,22%;1,48%;10.6;-6600000.0;0.00;0,00%
HAPV3;6.67;-19.31;0.07;0.105;0,00%;0.046;0.67;2.45;-0.24;6.13;4.21;12,85%;4,29%;-0,54%;1.83;2,12%;-0,36%;69700100.0;48062300000.0;0.10;18,75%
CRBM7;60.0;-19.3;2.18;0.999;0,00%;0.782;1.99;-10.3;11.26;-9.02;-9.02;-7,97%;-9,70%;-5,18%;2.24;-12,71%;-11,28%;0.0;827347000.0;-0.27;-1,58%
WMBY3;25.39;-19.3;2.87;0.836;0,00%;0.182;1.2;8.62;-1.5;25.02;25.02;26,91%;9,70%;-7,05%;1.44;2,39%;-14,86%;0.0;212439000.0;5.46;-14,48%
TDBH4;0.66;-18.63;1.28;0.906;0,00%;0.811;-6.15;8.73;-5.66;10.23;10.23;33,99%;10,38%;-4,86%;0.63;10,48%;-6,85%;0.0;554115000.0;0.22;35,74%
TANC4;43.0;-18.54;3.1;0.511;0,00%;0.428;-25.37;7.96;-0.78;16.2;8.69;26,49%;6,41%;-2,21%;0.95;6,36%;-16,70%;0.0;2174310000.0;3.20;9,79%
PCAR4;72.11;-16.69;86.85;1.944;0,00%;2.283;-8.72;21.33;-3.3;23.53;14.18;28,97%;9,11%;-11,60%;0.52;12,94%;-520,29%;0.0;409000000.0;8.95;-7,66%
CCIM3;5.52;-16.44;0.94;0.498;0,00%;0.198;0.53;8.96;-1.09;25.04;38.84;15,40%;5,55%;-3,03%;2.58;2,38%;-5,75%;0.0;660347000.0;1.69;29,98%
TDBH3;0.56;-15.81;1.08;0.769;0,00%;0.688;-5.22;7.4;-4.8;8.91;8.91;33,99%;10,38%;-4,86%;0.63;10,48%;-6,85%;0.0;554115000.0;0.22;35,74%
PCAR5;67.12;-15.54;80.84;1.809;0,00%;2.125;-8.12;19.86;-3.07;22.06;13.29;28,97%;9,11%;-11,60%;0.52;12,94%;-520,29%;0.0;409000000.0;8.95;-7,66%
GBIO33;10.4;-14.97;1.32;1.518;0,00%;0.791;7.57;13.53;17.58;16.06;16.06;43,48%;11,21%;-10,14%;1.31;7,12%;-8,83%;0.0;838439000.0;0.25;-8,99%
JALL3;2.36;-14.15;0.37;0.361;3,40%;0.1;0.32;-4.47;-0.28;-23.45;4.2;7,37%;-8,08%;-2,55%;5.38;-2,95%;-2,61%;2544260.0;1936160000.0;1.57;9,40%
LECO4;1.46;-13.48;2.0;0.637;0,00%;0.924;-16.84;-29.69;-3.16;-32.69;-32.69;11,17%;-2,14%;-4,72%;0.82;-3,48%;-14,82%;0.0;105928000.0;0.20;3,58%
SEDU3;23.8;-13.36;15.0;3.443;0,00%;1.531;57.9;-22.47;-2.67;-28.68;-69.64;48,36%;-15,33%;-25,73%;1.09;-8,15%;-112,29%;0.0;415869000.0;4.15;10,87%
TESA3;48.0;-13.3;1.62;1.007;0,00%;0.523;-11.1;9.41;-1.35;15.25;10.09;15,86%;10,71%;-7,58%;0.86;6,42%;-12,18%;0.0;858223000.0;1.01;15,48%
AURE3;13.02;-12.55;1.19;1.015;0,00%;0.293;17.28;12.37;-0.51;30.49;12.67;13,06%;8,20%;-7,64%;1.12;2,64%;-9,47%;37919900.0;11507300000.0;1.74;35,91%
IGUA3;8.15;-12.52;-1.44;0.568;0,00%;0.564;-0.65;8.22;-0.6;14.8;5.8;26,45%;6,91%;-4,53%;0.34;7,61%;11,52%;0.0;-164188000.0;-1.16;-7,41%
FGUI3;12.0;-12.41;-2.15;16.009;0,00%;25.203;-2.2;-57.76;-2.05;-70.17;-70.17;-6,24%;-27,72%;-129,00%;0.04;-60,74%;17,32%;0.0;-222024000.0;-0.46;2,13%
IGUA6;8.07;-12.4;-1.43;0.562;0,00%;0.558;-0.64;8.14;-0.59;14.72;5.77;26,45%;6,91%;-4,53%;0.34;7,61%;11,52%;0.0;-164188000.0;-1.16;-7,41%
IGUA5;7.98;-12.26;-1.41;0.556;0,00%;0.552;-0.64;8.04;-0.59;14.63;5.73;26,45%;6,91%;-4,53%;0.34;7,61%;11,52%;0.0;-164188000.0;-1.16;-7,41%
PRVI3;10.54;-11.74;1.61;0.919;0,00%;0.565;-250.86;9.71;-1.48;9.87;6.39;24,09%;9,46%;-7,83%;0.99;6,15%;-13,71%;0.0;525170000.0;0.03;16,19%
MTIG3;5.21;-11.22;-81.36;12.686;0,00%;8.36;-11.54;-21.36;-9.97;-22.62;-24.76;-16,12%;-59,38%;-113,09%;0.27;-47,80%;725,28%;0.0;-7835380.0;-4.79;-26,54%
LWSA3;4.04;-11.1;0.93;1.475;7,61%;0.628;11.53;12.24;20.7;10.41;5.8;47,79%;12,05%;-13,29%;1.18;5,89%;-8,41%;13737000.0;2382050000.0;-0.14;10,58%
CPNY3;2.35;-11.0;0.42;0.232;0,00%;0.054;0.2;1.21;-0.13;4.21;4.21;26,32%;19,13%;-2,11%;2.26;5,48%;-3,86%;0.0;398830000.0;1.05;20,10%
EMAE4;35.5;-10.69;1.95;3.157;0,00%;0.697;3.21;-11.87;-2.04;-7.75;-9.64;44,53%;-26,60%;-29,53%;3.57;-7,91%;-18,27%;75197.7;671551000.0;-0.68;-3,90%
ECPR4;90.74;-9.92;1.22;0.0;0,00%;0.624;175.57;-82.97;-1.29;-82.6;-82.72;0,00%;0,00%;0,00%;2.97;-0,75%;-12,28%;0.0;141476000.0;-0.01;0,00%
ECPR3;90.25;-9.87;1.21;0.0;0,00%;0.621;174.62;-82.52;-1.29;-82.15;-82.27;0,00%;0,00%;0,00%;2.97;-0,75%;-12,28%;0.0;141476000.0;-0.01;0,00%
TERI3;64.28;-8.83;0.29;0.107;0,00%;0.081;7.9;7.2;-0.26;39.56;39.56;17,23%;1,49%;-1,91%;1.03;1,25%;-3,27%;0.0;3641000000.0;1.30;7,94%
RAPT3;8.38;-8.47;0.97;0.225;0,00%;0.157;0.53;2.34;-0.79;6.43;4.57;26,16%;9,62%;-1,03%;2.12;9,51%;-11,45%;575536.0;3022890000.0;1.70;6,24%
TUPY4;48.21;-8.26;2.79;0.682;0,00%;0.682;1.97;72.14;-6.18;93.65;17.77;10,79%;0,95%;-8,26%;2.16;1,49%;-33,80%;0.0;2287510000.0;0.83;0,64%
SEMP3;16.86;-8.12;1.36;15.081;0,00%;1.201;15.67;-4.42;15.67;-4.07;-4.07;-16,58%;-340,98%;-185,82%;1.64;-30,21%;-16,81%;0.0;118441000.0;-0.11;-10,37%
SZPQ4;6.64;-7.85;2.2;0.855;0,00%;0.744;2.62;-20.31;-3.17;-22.77;-22.77;6,37%;-4,21%;-10,89%;2.97;-3,77%;-28,00%;0.0;684467000.0;0.27;-11,71%
MEDI3;11.55;-7.52;1.89;0.374;0,00%;0.824;-10.02;-9.11;-3.31;-6.61;-6.61;20,74%;-4,11%;-4,98%;0.79;-12,30%;-25,13%;0.0;426164000.0;-0.52;13,02%
TCNO3;1.2;-6.81;-8.4;0.0;0,00%;0.034;-0.08;-2.87;-0.04;-15.11;-17.45;0,00%;0,00%;0,00%;0.28;-1,59%;123,36%;0.0;-946000.0;-35.75;-32,39%
CVCB3;1.49;-5.94;2.43;0.531;0,00%;0.213;-0.84;4.77;-0.58;6.03;2.52;97,58%;11,14%;-8,94%;0.68;5,90%;-40,86%;23076300.0;322905000.0;0.64;7,90%
BLUT3;5.14;-5.63;0.46;0.0;0,00%;0.138;-0.76;-42.93;-0.2;-53.97;-53.97;0,00%;0,00%;0,00%;0.0;-0,33%;-8,24%;3091.81;56569000.0;0.12;0,00%
DASA3;4.02;-5.62;0.74;0.541;0,00%;0.295;5.48;4.55;-0.85;9.24;4.95;31,02%;11,89%;-9,46%;1.27;7,28%;-13,13%;3291390.0;6840370000.0;0.76;-4,66%
CASH3;5.35;-5.55;1.3;1.126;0,00%;1.047;4.11;-8.1;4.71;-6.46;-8.61;-13,91%;-13,91%;-20,42%;2.68;-16,62%;-23,45%;8955270.0;429438000.0;-0.26;9,40%
BUET3;24.99;-5.46;-0.97;1.961;0,00%;0.572;-0.67;-13.13;-0.39;-22.6;-36.32;6,64%;-14,93%;-35,93%;0.11;-5,95%;17,79%;0.0;-124674000.0;-0.70;4,55%
MNDL3;18.25;-5.4;1.67;0.174;0,00%;0.128;-0.95;1.38;-0.25;5.17;4.6;39,94%;12,60%;-3,23%;0.75;10,16%;-30,91%;4680.79;108569000.0;4.56;9,85%
MRVE3;5.47;-5.35;0.67;0.263;0,00%;0.109;0.4;1.67;-0.44;6.11;5.42;29,69%;15,79%;-4,82%;1.89;6,84%;-12,58%;66083300.0;4578040000.0;1.79;14,90%
ATED3;1.09;-5.22;1.6;1.154;0,00%;1.228;3.91;73.71;4.43;69.59;14.88;90,30%;1,57%;-22,47%;4.08;1,98%;-30,62%;10927.0;16248000.0;-0.09;-27,93%
RAPT4;5.15;-5.2;0.6;0.138;0,00%;0.096;0.33;1.44;-0.49;5.53;3.93;26,16%;9,62%;-1,03%;2.12;9,51%;-11,45%;13733800.0;3022890000.0;1.70;6,24%
MSPA3;37.4;-5.09;0.31;1.358;0,00%;0.168;-6.82;-7.02;-0.45;-12.58;-75.03;24,85%;-19,35%;-26,70%;0.77;-2,49%;-6,06%;621.26;776777000.0;0.24;-1,08%
TLCP3;48.0;-5.02;1.76;0.824;0,00%;0.533;-2.76;-26.61;-1.33;-43.86;-43.86;45,04%;-3,10%;-16,40%;0.61;-2,52%;-35,04%;0.0;262979000.0;1.14;9,09%
LFFE4;3.89;-4.91;4.08;0.0;0,00%;3.599;0.0;-26.5;0.0;-23.11;10.9;0,00%;0,00%;0,00%;0.0;0,00%;-83,10%;0.0;51892000.0;-0.52;0,00%
CGOS3;26.2;-4.85;1.89;0.509;0,00%;0.167;-0.83;-256.6;-0.25;-570.29;-570.29;15,21%;-0,20%;-10,48%;0.54;-0,08%;-39,02%;0.0;453387000.0;2.32;8,97%
TCNO4;0.85;-4.82;-5.95;0.0;0,00%;0.024;-0.06;-2.04;-0.03;-14.27;-16.48;0,00%;0,00%;0,00%;0.28;-1,59%;123,36%;0.0;-946000.0;-35.75;-32,39%
MSPA4;34.0;-4.63;0.28;1.235;0,00%;0.153;-6.2;-6.38;-0.41;-11.95;-71.23;24,85%;-19,35%;-26,70%;0.77;-2,49%;-6,06%;160.72;776777000.0;0.24;-1,08%
AZTE3;1.24;-4.57;0.17;13.515;0,00%;0.162;-5.77;-6.47;-3.74;-7.08;44.63;60,17%;-208,91%;-295,64%;0.46;-2,56%;-3,80%;2254340.0;285937000.0;0.02;7,50%
UCAS3;1.11;-4.53;0.44;0.322;0,00%;0.175;-16.84;-2.87;-0.52;-7.3;-29.46;29,54%;-11,22%;-7,11%;0.96;-6,88%;-9,66%;16378.7;167740000.0;0.68;-1,55%
PRML3;11.52;-4.41;1.98;18.612;0,00%;0.581;23.0;-30.33;-0.93;-63.15;1640.31;-0,95%;-61,36%;-424,99%;2.02;-1,96%;-44,84%;0.0;2192720000.0;2.14;32,85%
RCSL3;0.5;-4.24;-4.27;274.33;0,00%;1.881;33.71;-74.09;-1.68;-74.09;-74.09;-27,59%;-370,26%;-6.462,93%;1.21;-2,72%;100,56%;262174.0;-14917000.0;0.00;-75,18%
CRPG3;17.0;-4.12;0.95;0.51;0,00%;0.488;1.99;-4.52;2.84;-3.79;-5.5;-5,11%;-11,30%;-12,38%;1.59;-19,21%;-23,10%;0.0;518193000.0;-0.15;1,40%
ADHM3;1.56;-4.09;-1.29;770.924;0,00%;105.126;-1.43;-5.69;-1.27;-5.69;-5.81;100,00%;-13.548,50%;-18.860,60%;0.0;521,70%;31,47%;2064.0;-19776000.0;0.00;43,48%
BUET4;18.49;-4.04;-0.72;1.451;0,00%;0.423;-0.5;-9.72;-0.29;-19.18;-30.83;6,64%;-14,93%;-35,93%;0.11;-5,95%;17,79%;0.0;-124674000.0;-0.70;4,55%
PMET5;0.65;-3.95;-0.16;4.518;0,00%;30.248;-0.22;89.99;-0.16;503.88;503.88;35,53%;5,02%;-114,49%;0.01;38,97%;4,10%;0.0;-290863000.0;-0.74;37,74%
AMER3;5.49;-3.93;0.26;0.093;0,00%;0.076;0.43;-1.7;-0.27;-4.33;42.35;25,59%;-5,48%;-2,37%;1.7;-5,28%;-6,74%;7129470.0;4155000000.0;0.41;-18,82%
LFFE3;3.11;-3.92;3.26;0.0;0,00%;2.877;0.0;-21.18;0.0;-17.8;8.39;0,00%;0,00%;0,00%;0.0;0,00%;-83,10%;0.0;51892000.0;-0.52;0,00%
USIM5;7.01;-3.79;0.42;0.354;0,00%;0.25;0.68;7.38;1.65;6.88;3.5;9,82%;4,80%;-8,27%;4.44;4,67%;-11,18%;74585700.0;20751200000.0;-0.03;-6,96%
FBMC3;80.0;-3.78;-0.92;3.858;0,00%;1.384;-1.79;-2.85;-0.64;-3.31;-3.69;-60,76%;-135,59%;-101,97%;0.31;-64,70%;24,19%;0.0;-63552000.0;-0.15;-31,66%
TLCP4;34.11;-3.57;1.25;0.586;0,00%;0.379;-1.96;-18.91;-0.95;-36.16;-36.16;45,04%;-3,10%;-16,40%;0.61;-2,52%;-35,04%;0.0;262979000.0;1.14;9,09%
USIM6;6.52;-3.52;0.39;0.33;0,00%;0.233;0.63;6.87;1.54;6.36;3.24;9,82%;4,80%;-8,27%;4.44;4,67%;-11,18%;238.47;20751200000.0;-0.03;-6,96%
USIM3;6.5;-3.51;0.39;0.329;0,00%;0.232;0.63;6.85;1.53;6.34;3.23;9,82%;4,80%;-8,27%;4.44;4,67%;-11,18%;6407470.0;20751200000.0;-0.03;-6,96%
NATU3;6.75;-3.49;0.74;0.436;0,00%;0.333;2.01;4.3;-2.4;6.11;4.28;65,75%;10,13%;-12,47%;1.68;10,18%;-21,11%;58673900.0;12585500000.0;0.31;2,24%
WEST3;3.12;-3.43;0.23;0.227;172,93%;0.125;0.68;-0.68;1.03;1.27;2.01;39,88%;-33,56%;-6,63%;1.46;-37,33%;-6,79%;40807.5;149039000.0;-0.67;-12,44%
BECE3;9.1;-3.42;8.72;0.0;0,00%;0.0;0.0;0.0;0.0;0.0;0.0;0,00%;0,00%;0,00%;0.0;0,00%;-255,20%;0.0;96496000.0;0.00;12,81%
RIOS3;30.5;-3.39;-1.43;46.306;0,00%;1.648;-1.39;-46.56;-0.77;-77.63;-60.9;-131,28%;-99,45%;-1.367,42%;0.01;-4,53%;42,33%;0.0;-1453220000.0;-0.96;20,83%
BIED3;5.77;-3.37;92.8;0.454;0,00%;0.401;-0.87;16.57;-0.5;22.7;10.36;46,22%;2,74%;-11,81%;0.19;2,51%;-2.752,17%;13703.0;1656000.0;34.29;0,98%
BECE4;8.75;-3.29;8.38;0.0;0,00%;0.0;0.0;0.0;0.0;0.0;0.0;0,00%;0,00%;0,00%;0.0;0,00%;-255,20%;0.0;96496000.0;0.00;12,81%
CEED4;20.0;-3.15;-0.32;0.198;0,00%;0.124;1.97;1.39;-0.12;9.35;6.84;21,72%;14,22%;-6,29%;1.22;11,00%;10,19%;0.0;-4251350000.0;-1.83;9,46%
CSNA3;5.77;-2.91;0.63;0.17;0,00%;0.076;2.02;1.2;-0.14;7.34;4.35;27,91%;14,12%;-4,37%;1.15;8,07%;-21,59%;119701000.0;12166300000.0;3.21;1,07%
PNOR5;1.87;-2.9;0.55;0.354;0,00%;0.205;0.7;8.52;-2.32;4.57;4.57;18,61%;4,15%;-11,74%;2.5;3,61%;-18,84%;0.0;158071000.0;-0.25;1,34%
PNOR6;1.87;-2.9;0.55;0.354;0,00%;0.205;0.7;8.52;-2.32;4.57;4.57;18,61%;4,15%;-11,74%;2.5;3,61%;-18,84%;0.0;158071000.0;-0.25;1,34%
TUPY3;16.68;-2.86;0.97;0.236;0,00%;0.236;0.68;24.96;-2.14;46.47;8.82;10,79%;0,95%;-8,26%;2.16;1,49%;-33,80%;10597300.0;2287510000.0;0.83;0,64%
STRP4;0.21;-2.85;-0.43;0.416;0,00%;0.111;-0.18;-0.45;-0.09;-1.15;-1.15;-23,53%;-91,82%;-14,58%;0.13;-25,49%;14,95%;0.0;-12498000.0;-0.65;-36,39%
SOMA3;5.94;-2.81;0.8;0.867;0,00%;0.486;2.01;7.45;19.87;9.24;6.13;56,80%;11,63%;-30,81%;2.36;7,81%;-28,52%;0.0;5809620000.0;0.19;58,94%
RNEW11;3.23;-2.78;0.35;0.769;0,00%;0.132;-6.56;-26.63;-0.25;-70.56;9.53;0,05%;-2,89%;-27,65%;0.82;-0,52%;-12,55%;0.0;1150280000.0;0.58;39,46%
LIXC3;1.75;-2.62;1.52;395.995;0,00%;0.069;0.28;-4.21;3.84;-6.37;-6.68;-337,74%;-9.413,21%;-14.386,80%;1.34;-1,90%;-57,85%;0.0;13842000.0;0.78;-75,90%
ENJU3;0.71;-2.55;0.7;0.564;28,40%;0.35;0.99;-4.49;1.07;1.71;-11.66;53,89%;-12,56%;-22,15%;1.75;-18,22%;-27,47%;587189.0;208053000.0;-0.97;22,95%
RCSL4;0.29;-2.46;-2.47;159.111;0,00%;1.091;19.55;-42.97;-0.97;-42.97;-42.97;-27,59%;-370,26%;-6.462,93%;1.21;-2,72%;100,56%;2853400.0;-14917000.0;0.00;-75,18%
BICB4;8.25;-2.43;2.21;0.0;0,00%;0.0;0.0;0.0;0.0;0.0;0.0;0,00%;0,00%;0,00%;0.0;0,00%;-91,00%;0.0;944626000.0;0.00;-31,19%
BICB3;8.0;-2.35;2.14;0.0;0,00%;0.0;0.0;0.0;0.0;0.0;0.0;0,00%;0,00%;0,00%;0.0;0,00%;-91,00%;0.0;944626000.0;0.00;-31,19%
GLOB4;30.49;-2.34;-3.74;1.04;0,00%;1.194;-3.94;13.53;-1.51;16.04;10.97;31,19%;7,69%;-44,42%;0.64;14,81%;159,69%;0.0;-8270000000.0;-0.69;-1,35%
DMFN3;12.5;-2.33;1.52;0.0;0,00%;0.0;0.0;0.0;0.0;0.0;0.0;0,00%;0,00%;0,00%;0.0;0,00%;-65,31%;0.0;507216000.0;0.00;89,76%
ARLA4;3.38;-2.21;-0.62;2.137;0,00%;0.442;-0.31;-6.74;-0.29;-17.87;-17.87;-12,76%;-31,72%;-96,55%;0.1;-13,71%;28,00%;0.0;-24319000.0;-1.02;-47,46%
LIXC4;1.45;-2.17;1.26;328.11;0,00%;0.057;0.23;-3.49;3.18;-5.65;-5.92;-337,74%;-9.413,21%;-14.386,80%;1.34;-1,90%;-57,85%;0.0;13842000.0;0.78;-75,90%
MMXM3;14.0;-2.17;-0.11;0.0;0,00%;0.71;-0.1;4.7;-0.09;18.64;18.64;0,00%;0,00%;0,00%;0.01;25,93%;4,97%;0.0;-842661000.0;-0.32;-28,51%
OGXP3;1.63;-2.15;-0.98;0.0;0,00%;0.925;0.0;-16.46;0.0;-16.46;-16.46;0,00%;0,00%;0,00%;0.0;0,00%;45,53%;0.0;-53901000.0;0.00;0,00%
NTCO3;10.8;-2.09;0.99;0.692;0,00%;0.426;1.94;5.35;-15.63;6.8;5.58;66,36%;12,93%;-33,04%;1.68;10,09%;-47,14%;0.0;15043700000.0;0.27;-15,90%
VTLM3;0.79;-2.07;-0.65;390.404;0,00%;53.237;-0.72;-2.88;-0.64;-2.88;-2.94;100,00%;-13.548,50%;-18.860,60%;0.0;521,70%;31,47%;0.0;-19776000.0;0.00;43,48%
RNEW3;0.8;-2.07;0.26;0.572;0,00%;0.098;-4.88;-19.78;-0.19;-63.72;8.61;0,05%;-2,89%;-27,65%;0.82;-0,52%;-12,55%;54687.7;1150280000.0;0.58;39,46%
RNEW4;0.78;-2.02;0.25;0.557;0,00%;0.096;-4.75;-19.29;-0.18;-63.22;8.54;0,05%;-2,89%;-27,65%;0.82;-0,52%;-12,55%;49997.5;1150280000.0;0.58;39,46%
OBTC3;7.5;-1.97;2.15;-2850.14;0,00%;1.742;-13.55;-97.6;-13.53;-104.64;-104.11;-15,84%;2.920,26%;144.637,00%;0.32;-1,90%;-109,20%;8692300.0;1019920000.0;0.16;0,00%
FIEI3;6.5;-1.96;0.22;-157.43;0,00%;0.144;3.11;-3.78;-1.02;-8.48;-8.98;129,00%;4.164,00%;8.059,00%;1.26;-4,17%;-11,49%;2243.51;70052000.0;0.28;-22,84%
ARCZ3;3.66;-1.88;1.95;1.096;0,00%;0.369;1.53;9.5;-0.84;28.18;28.18;20,71%;11,54%;-58,02%;2.86;4,03%;-103,98%;0.0;1934210000.0;3.84;0,75%
CRPG6;7.7;-1.87;0.43;0.231;0,00%;0.221;0.9;-2.05;1.28;-1.32;-1.92;-5,11%;-11,30%;-12,38%;1.59;-19,21%;-23,10%;3568.3;518193000.0;-0.15;1,40%
ARCZ6;3.63;-1.86;1.94;1.087;0,00%;0.366;1.52;9.42;-0.84;28.1;28.1;20,71%;11,54%;-58,02%;2.86;4,03%;-103,98%;0.0;1934210000.0;3.84;0,75%
AMAR3;0.82;-1.84;6.91;0.288;0,00%;0.202;-1.63;2.45;-0.31;7.27;3.83;52,53%;11,74%;-15,62%;0.71;10,60%;-375,31%;220067.0;60921000.0;13.58;-16,75%
CEDO3;9.0;-1.84;0.35;0.117;0,00%;0.102;9.58;1.24;-0.35;5.49;4.17;20,96%;9,40%;-6,34%;1.03;9,29%;-19,17%;0.0;255004000.0;1.21;-9,17%
CRPG5;7.49;-1.82;0.42;0.225;0,00%;0.215;0.88;-1.99;1.25;-1.27;-1.83;-5,11%;-11,30%;-12,38%;1.59;-19,21%;-23,10%;89645.9;518193000.0;-0.15;1,40%
MWET4;30.98;-1.8;-1.92;0.341;0,00%;0.192;-0.67;-3.32;-0.25;-9.3;-15.0;10,95%;-10,26%;-19,00%;0.53;-6,92%;106,76%;13523.6;-33248000.0;-3.45;-8,10%
BISA3;1.58;-1.77;1.18;1.692;0,00%;0.321;0.86;-4.02;-7.64;-6.21;-9.28;-14,30%;-42,05%;-96,36%;2.22;-8,50%;-66,94%;0.0;1788370000.0;0.64;-24,23%
CSAN3;3.96;-1.77;3.16;0.392;0,00%;0.124;1.24;1.67;-0.25;6.74;4.76;34,46%;23,41%;-22,08%;1.67;8,59%;-178,97%;124199000.0;4968460000.0;9.57;5,61%
BCAL6;0.28;-1.7;-0.07;1.946;0,00%;13.03;-0.09;38.77;-0.07;452.65;452.65;35,53%;5,02%;-114,49%;0.01;38,97%;4,10%;0.0;-290863000.0;-0.74;37,74%
DJON4;0.18;-1.7;0.22;-0.956;0,00%;0.166;-1.29;-1.42;-0.85;-1.98;-1.98;100,00%;67,37%;56,33%;0.24;-12,02%;-12,84%;0.0;2702000.0;0.09;45,19%
MEAL3;0.97;-1.69;0.37;0.181;0,00%;0.139;-1.54;-17.75;-0.32;-30.07;3.15;33,39%;-1,02%;-10,70%;0.67;-0,95%;-21,90%;216039.0;752159000.0;0.26;-7,49%
SPRI6;11.0;-1.68;1.24;0.0;0,00%;1.196;2.33;-3.21;2.47;-2.86;-2.88;0,00%;0,00%;0,00%;66.47;-42,86%;-73,82%;0.0;22420000.0;-0.14;-7,33%
BLUT4;1.52;-1.66;0.14;0.0;0,00%;0.041;-0.22;-12.69;-0.06;-23.74;-23.74;0,00%;0,00%;0,00%;0.0;-0,33%;-8,24%;10453.2;56569000.0;0.12;0,00%
PMAM4;5.84;-1.63;-0.27;3.597;0,00%;1.666;-0.28;-8.09;-0.24;-30.91;-43.6;-28,28%;-44,48%;-220,27%;0.04;-43,08%;16,84%;0.0;-7811240000.0;-0.78;-36,31%
ARLA3;2.47;-1.62;-0.45;1.562;0,00%;0.323;-0.22;-4.92;-0.21;-16.06;-16.06;-12,76%;-31,72%;-96,55%;0.1;-13,71%;28,00%;0.0;-24319000.0;-1.02;-47,46%
SPRI3;10.51;-1.61;1.19;0.0;0,00%;1.143;2.23;-3.07;2.36;-2.72;-2.74;0,00%;0,00%;0,00%;66.47;-42,86%;-73,82%;0.0;22420000.0;-0.14;-7,33%
SDIA3;6.42;-1.59;9.41;0.397;0,00%;0.418;-3.29;9.53;-0.83;23.15;23.15;22,11%;4,16%;-25,09%;0.78;5,89%;-590,66%;0.0;459230000.0;13.43;13,42%
SDIA4;6.42;-1.59;9.41;0.397;0,00%;0.418;-3.29;9.53;-0.83;23.15;23.15;22,11%;4,16%;-25,09%;0.78;5,89%;-590,66%;0.0;459230000.0;13.43;13,42%
DUQE3;28.0;-1.58;-11.29;12.103;0,00%;0.428;-0.74;-1.65;-0.57;-2.7;-2.98;-590,84%;-732,92%;-767,60%;0.33;-28,21%;715,74%;0.0;-6987000.0;-7.19;-42,70%
CEED3;10.0;-1.58;-0.16;0.099;0,00%;0.062;0.99;0.7;-0.06;8.65;6.33;21,72%;14,22%;-6,29%;1.22;11,00%;10,19%;176.16;-4251350000.0;-1.83;9,46%
SEQL3;0.06;-1.54;-1.51;0.698;0,00%;0.575;-1.3;-3.5;-0.5;-6.18;-29.82;10,08%;-19,93%;-47,54%;0.34;-18,35%;98,24%;106712.0;-252680000.0;-1.16;-25,73%
SJOS3;1.19;-1.52;-0.08;8.514;0,00%;5.316;-0.08;9.45;-0.08;22.28;22.28;86,38%;90,09%;-561,74%;0.01;-4,25%;5,30%;0.0;-199887000.0;-0.11;-13,54%
LJQQ3;1.51;-1.49;1.01;0.095;0,00%;0.08;0.25;5.25;-0.45;4.41;1.26;31,73%;1,82%;-6,40%;1.77;2,03%;-67,62%;2677940.0;292374000.0;-0.16;8,03%
MWET3;24.5;-1.42;-1.52;0.27;0,00%;0.152;-0.53;-2.63;-0.2;-8.61;-13.88;10,95%;-10,26%;-19,00%;0.53;-6,92%;106,76%;515.93;-33248000.0;-3.45;-8,10%
SCLO4;0.41;-1.42;-2.99;0.0;0,00%;8.023;-2.7;-0.85;-2.66;-0.91;-0.91;0,00%;0,00%;0,00%;0.18;-955,44%;211,14%;0.0;-131693.0;-0.21;0,00%
SPRI5;8.52;-1.3;0.96;0.0;0,00%;0.927;1.81;-2.49;1.91;-2.14;-2.15;0,00%;0,00%;0,00%;66.47;-42,86%;-73,82%;0.0;22420000.0;-0.14;-7,33%
AMOB3;12.8;-1.3;0.26;0.036;0,00%;0.057;0.53;2.18;-0.24;14.35;7.2;14,52%;1,66%;-2,79%;1.25;3,69%;-20,02%;284716.0;1867200000.0;1.45;-20,36%
KRSA3;8.87;-1.28;5.68;0.277;0,00%;0.14;2.58;3.11;-0.22;18.2;10.02;17,18%;8,92%;-22,21%;1.21;4,81%;-443,46%;0.0;120771000.0;27.59;7,90%
IDVL4;2.67;-1.26;1.16;0.0;0,00%;0.0;0.0;0.0;0.0;0.0;0.0;0,00%;0,00%;0,00%;0.0;0,00%;-91,76%;0.0;237683000.0;0.00;0,00%
ADMF3;20.0;-1.22;9.83;-21.808;0,00%;3.35;9.16;-12.81;9.16;-11.47;-11.43;100,00%;170,21%;1.765,19%;1.58;-645,61%;-809,43%;0.0;59910000.0;-1.03;0,00%
PMET6;0.2;-1.21;-0.05;1.39;0,00%;9.307;-0.07;27.69;-0.05;441.57;441.57;35,53%;5,02%;-114,49%;0.01;38,97%;4,10%;0.0;-290863000.0;-0.74;37,74%
TPIS3;10.67;-1.21;0.94;0.519;5,14%;0.218;-0.63;-1.52;-0.32;-5.33;-16.05;26,50%;-34,25%;-44,63%;0.22;-15,36%;-77,17%;240999.0;501764000.0;2.36;-0,53%
BAHI11;2.0;-1.17;32.17;0.157;0,00%;0.139;-0.3;5.74;-0.17;11.87;5.42;46,22%;2,74%;-11,81%;0.19;2,51%;-2.752,17%;0.0;1656000.0;34.29;0,98%
AZEV3;6.89;-1.15;1.85;1.394;0,00%;0.501;-6.14;-4.04;-1.34;-4.99;35.7;18,48%;-34,50%;-120,71%;0.81;-14,57%;-160,34%;10648400.0;413986000.0;0.43;8,16%
PTBL4;2.59;-1.15;-3.51;0.142;0,00%;0.104;-1.52;4.44;-0.15;19.14;5.34;35,00%;3,19%;-12,37%;0.83;3,02%;306,59%;0.0;-103947000.0;-11.64;5,81%
AMBP3;0.17;-1.11;0.26;0.039;0,00%;0.017;0.06;0.25;-0.04;5.89;3.33;18,22%;15,56%;-2,56%;2.72;9,57%;-23,47%;592432.0;1093330000.0;5.81;56,82%
WDCN3;2.94;-1.08;0.39;0.226;0,00%;0.147;0.62;1.41;-2.64;-0.55;-0.24;24,60%;16,04%;-20,96%;1.71;14,50%;-36,39%;44473.8;475988000.0;-0.54;-6,78%
CEDO4;5.2;-1.06;0.2;0.067;0,00%;0.059;5.53;0.72;-0.2;4.96;3.77;20,96%;9,40%;-6,34%;1.03;9,29%;-19,17%;7275.81;255004000.0;1.21;-9,17%
LGLO4;100.0;-1.05;0.65;0.225;0,00%;0.192;-0.32;-1.24;-0.32;-2.13;-2.13;38,81%;-18,10%;-21,47%;0.14;-18,37%;-62,51%;0.0;5191000.0;0.47;-11,42%
IDVL3;2.16;-1.02;0.93;0.0;0,00%;0.0;0.0;0.0;0.0;0.0;0.0;0,00%;0,00%;0,00%;0.0;0,00%;-91,76%;0.0;237683000.0;0.00;0,00%
NORD3;1.27;-0.93;-0.05;3.03;0,00%;0.44;-0.04;-4.3;-0.04;-19.59;-19.59;90,85%;-70,41%;-324,90%;0.0;-10,29%;4,88%;3201.84;-184757000.0;-0.16;12,19%
RDNI3;2.14;-0.91;3.97;0.516;0,00%;0.253;1.47;-1.63;-0.71;-4.26;-4.26;-1,76%;-31,70%;-57,30%;1.44;-18,03%;-436,94%;0.0;55196000.0;6.40;-6,89%
DHBI3;19.0;-0.83;-0.17;0.869;0,00%;0.343;-0.16;-3.68;-0.13;-24.58;-59.55;15,15%;-23,58%;-154,81%;0.12;-10,50%;21,03%;0.0;-456340000.0;-0.99;-23,62%
LETO5;2.06;-0.83;-0.14;0.0;0,00%;0.248;0.0;0.0;0.0;0.0;0.0;0,00%;0,00%;0,00%;0.0;0,00%;17,05%;0.0;-58642000.0;-0.04;-17,38%
PTBL3;1.85;-0.82;-2.51;0.101;0,00%;0.075;-1.08;3.17;-0.11;17.87;4.98;35,00%;3,19%;-12,37%;0.83;3,02%;306,59%;816014.0;-103947000.0;-11.64;5,81%
IENG3;0.15;-0.81;0.99;1.717;0,00%;0.11;-1.17;3.88;-0.3;25.11;25.11;48,77%;44,29%;-224,61%;0.85;2,84%;-122,41%;0.0;52234000.0;5.41;8,13%
PCAR3;3.35;-0.78;4.03;0.09;0,00%;0.106;-0.41;0.99;-0.15;3.19;1.92;28,97%;9,11%;-11,60%;0.52;12,94%;-520,29%;15128100.0;409000000.0;8.95;-7,66%
SHOW3;6.24;-0.73;0.47;0.262;0,00%;0.149;1.5;-8.5;-0.63;-5.7;14.02;27,63%;-3,09%;-38,03%;1.29;-2,63%;-64,13%;75298.0;89914000.0;-0.15;-17,25%
TCSA3;0.63;-0.72;0.19;0.244;0,00%;0.064;1.75;-0.81;-0.17;-5.67;-6.29;1,10%;-29,96%;-33,26%;1.15;-8,32%;-25,90%;53978.5;249674000.0;1.11;3,51%
LATM11;28.65;-0.68;0.02;0.006;0,00%;0.003;-0.02;0.05;0.0;7.74;7.74;22,21%;11,46%;-0,39%;0.49;6,55%;-2,37%;0.0;11357000000.0;2.49;16,69%
FHER3;2.82;-0.67;-0.11;0.046;0,00%;0.1;-0.33;-0.69;-0.07;-0.39;-0.66;-0,02%;-6,63%;-6,77%;0.59;-45,62%;16,81%;24356.0;-1342080000.0;0.05;-10,87%
BRKM6;4.66;-0.67;-0.3;0.053;0,00%;0.047;-0.43;3.21;-0.06;40.69;8.22;8,92%;1,64%;-9,40%;0.77;1,85%;44,02%;456.65;-12586000000.0;-3.45;-8,70%
CELM3;15.0;-0.67;-0.16;0.257;0,00%;0.132;-0.21;-1.02;-0.1;-4.26;-4.26;22,73%;-25,14%;-38,36%;0.44;-15,60%;23,41%;0.0;-11104000.0;-0.50;5,80%
IENG5;0.12;-0.65;0.79;1.374;0,00%;0.088;-0.93;3.1;-0.24;24.33;24.33;48,77%;44,29%;-224,61%;0.85;2,84%;-122,41%;0.0;52234000.0;5.41;8,13%
BRKM5;4.24;-0.61;-0.27;0.048;0,00%;0.043;-0.39;2.92;-0.05;40.4;8.16;8,92%;1,64%;-9,40%;0.77;1,85%;44,02%;34972700.0;-12586000000.0;-3.45;-8,70%
TXRX3;9.0;-0.57;-0.09;0.334;0,00%;0.221;-0.31;-3.1;-0.07;-33.39;-50.0;18,47%;-10,75%;-58,11%;0.37;-7,57%;15,16%;0.0;-440135000.0;-0.85;-13,96%
BRPR3;131.17;-0.57;0.05;0.695;1.202,89%;0.038;1.73;12.11;-0.49;-3.7;-2.55;100,00%;5,74%;-123,98%;1.12;0,35%;-9,34%;0.0;1136910000.0;-0.07;-25,05%
BRKM3;3.96;-0.57;-0.25;0.045;0,00%;0.04;-0.36;2.73;-0.05;40.21;8.12;8,92%;1,64%;-9,40%;0.77;1,85%;44,02%;325552.0;-12586000000.0;-3.45;-8,70%
FRTA3;1.31;-0.49;-0.04;0.357;0,00%;0.088;-0.03;-0.68;-0.03;-17.74;-18.74;16,57%;-52,65%;-72,29%;0.03;-18,02%;7,17%;0.0;-75884000.0;-0.89;-6,51%
REEM4;4.63;-0.48;-0.08;0.197;0,00%;0.137;-0.14;-4.33;-0.07;-3.84;-6.01;5,82%;-4,54%;-40,65%;0.45;4,61%;15,78%;0.0;-372708000.0;0.01;-13,59%
CCXC3;1.16;-0.48;-0.04;0.0;0,00%;0.185;0.0;-0.65;0.0;-0.52;-0.52;0,00%;0,00%;0,00%;0.0;0,00%;7,85%;0.0;-52699000.0;0.01;0,00%
FASA3;0.25;-0.47;0.28;0.142;0,00%;0.134;0.76;-1.02;1.41;-2.19;-2.19;-3,58%;-13,95%;-30,38%;1.39;-18,25%;-60,26%;25927.1;38866000.0;0.32;25,89%
CTNM3;7.13;-0.46;-0.58;0.344;0,00%;0.073;-0.12;-0.51;-0.07;-3.4;-4.32;-7,79%;-67,36%;-137,36%;0.24;-17,07%;126,34%;0.0;-375916000.0;-3.29;-24,85%
VIVR3;1.56;-0.46;-0.15;0.344;0,00%;0.038;-0.4;-0.66;-0.09;-2.1;-2.17;13,67%;-51,88%;-81,57%;0.8;-5,83%;32,38%;12855.8;-51677000.0;-0.32;-24,87%
BDLL3;5.15;-0.42;-0.03;0.308;0,00%;0.022;-0.04;-0.41;-0.02;-9.05;-9.98;-5,17%;-75,95%;-72,86%;0.4;-5,84%;7,47%;2617.6;-260920000.0;-0.67;17,61%
AVLL3;5.64;-0.41;-0.18;0.078;0,00%;0.034;-0.49;0.34;-0.04;5.03;4.97;35,35%;23,15%;-15,44%;0.85;12,12%;44,46%;3520.19;-242348000.0;-2.54;32,06%
DOCA3;11.0;-0.4;-0.03;-3.064;0,00%;0.03;-0.32;-0.26;-0.02;-6.86;-6.76;-11,27%;1.165,92%;636,17%;0.61;-12,48%;8,24%;0.0;-390317000.0;-0.82;-38,80%
FGUI4;0.38;-0.39;-0.07;0.507;0,00%;0.798;-0.07;-1.83;-0.06;-14.24;-14.24;-6,24%;-27,72%;-129,00%;0.04;-60,74%;17,32%;0.0;-222024000.0;-0.46;2,13%
VVAR11;14.58;-0.37;-0.6;0.166;0,00%;0.19;-0.63;2.16;-0.24;4.67;3.19;31,19%;7,69%;-44,42%;0.64;14,81%;159,69%;0.0;-8270000000.0;-0.69;-1,35%
VVAR4;4.84;-0.37;-0.59;0.165;0,00%;0.189;-0.63;2.15;-0.24;4.66;3.19;31,19%;7,69%;-44,42%;0.64;14,81%;159,69%;0.0;-8270000000.0;-0.69;-1,35%
AALR3;3.28;-0.36;-1.8;0.433;0,00%;0.281;-0.39;-9.43;-0.33;-16.08;14.27;20,76%;-4,59%;-118,89%;0.28;-3,72%;494,46%;168794.0;-277542000.0;-1.27;1,46%
WISA4;0.25;-0.35;-0.01;0.219;0,00%;0.029;-0.06;-0.31;-0.01;-19.27;-19.27;-31,34%;-71,41%;-62,75%;0.18;-9,78%;2,39%;0.0;-205386000.0;-0.52;-48,66%
LETO3;0.8;-0.32;-0.05;0.0;0,00%;0.096;0.0;0.0;0.0;0.0;0.0;0,00%;0,00%;0,00%;0.0;0,00%;17,05%;0.0;-58642000.0;-0.04;-17,38%
RVEE3;0.7;-0.32;0.19;3.539;0,00%;0.05;-0.17;-0.32;-0.09;0.05;0.05;-193,89%;-1.110,98%;-1.117,59%;0.41;-16,84%;-59,77%;1015.16;37538000.0;-0.22;497,03%
WISA3;0.2;-0.28;-0.01;0.175;0,00%;0.023;-0.05;-0.25;-0.01;-19.21;-19.21;-31,34%;-71,41%;-62,75%;0.18;-9,78%;2,39%;0.0;-205386000.0;-0.52;-48,66%
ONCO3;1.01;-0.27;69.66;0.23;0,00%;0.174;-0.35;13.61;-0.29;57.21;12.73;27,31%;1,69%;-87,61%;0.44;1,67%;-25.704,20%;30300300.0;16457000.0;223.12;11,84%
CTAX3;1.83;-0.27;0.3;0.032;0,00%;0.013;-0.05;2.8;-0.02;34.74;11.38;23,63%;1,14%;-11,92%;0.37;0,48%;-111,17%;6299.26;49382000.0;3.39;-13,09%
BDLL4;3.2;-0.26;-0.02;0.191;0,00%;0.014;-0.03;-0.25;-0.01;-8.89;-9.82;-5,17%;-75,95%;-72,86%;0.4;-5,84%;7,47%;1456.42;-260920000.0;-0.67;17,61%
INEP4;1.24;-0.26;-0.04;8.364;0,00%;0.197;-0.08;-0.18;-0.03;-2.45;-2.48;-12,99%;-4.626,93%;-3.343,63%;0.13;-125,13%;14,36%;20199.7;-1804560000.0;-0.47;-26,11%
INEP3;1.22;-0.26;-0.04;8.229;0,00%;0.194;-0.08;-0.18;-0.03;-2.45;-2.48;-12,99%;-4.626,93%;-3.343,63%;0.13;-125,13%;14,36%;80607.5;-1804560000.0;-0.47;-26,11%
CTSA8;1.0;-0.23;0.21;0.283;0,00%;0.047;-0.13;-0.41;-0.08;-3.5;-4.12;-38,14%;-69,22%;-124,60%;0.3;-13,22%;-93,74%;0.0;130725000.0;1.61;-34,39%
RSID3;1.6;-0.21;-0.04;1.255;0,00%;0.074;-0.24;-1.04;-0.03;-15.21;-15.32;7,09%;-120,09%;-601,75%;0.48;-8,07%;17,06%;0.0;-911647000.0;-0.48;-3,73%
AZEV4;1.19;-0.2;0.32;0.241;0,00%;0.087;-1.06;-0.7;-0.23;-1.64;11.77;18,48%;-34,50%;-120,71%;0.81;-14,57%;-160,34%;8373250.0;413986000.0;0.43;8,16%
PLAS3;3.18;-0.2;-0.05;0.033;0,00%;0.064;-0.07;-6.44;-0.03;-47.46;4.68;14,46%;-0,52%;-16,77%;0.24;-1,33%;24,03%;3694.81;-825275000.0;-0.31;13,26%
DOCA4;5.0;-0.18;-0.01;-1.393;0,00%;0.014;-0.15;-0.12;-0.01;-6.71;-6.62;-11,27%;1.165,92%;636,17%;0.61;-12,48%;8,24%;0.0;-390317000.0;-0.82;-38,80%
NEXP3;2.49;-0.17;-0.06;9.235;0,00%;0.643;-0.07;-0.61;-0.05;-0.61;-0.64;100,00%;-1.510,06%;-5.405,31%;0.02;-118,83%;32,82%;1815.05;-117621000.0;0.00;-64,72%
DUQE4;2.95;-0.17;-1.19;1.275;0,00%;0.045;-0.08;-0.17;-0.06;-1.23;-1.35;-590,84%;-732,92%;-767,60%;0.33;-28,21%;715,74%;0.0;-6987000.0;-7.19;-42,70%
MEND6;9.5;-0.16;-0.01;37.857;0,00%;0.104;-18.16;-0.46;-0.01;-66.43;-66.56;84,23%;-8.246,19%;-23.064,00%;0.22;-22,80%;3,58%;0.0;-16671600000.0;-0.84;19,86%
FTRX3;0.13;-0.15;-0.02;0.206;0,00%;0.023;-0.04;-0.19;-0.01;-1.77;-2.27;-68,63%;-106,22%;-138,83%;0.06;-11,99%;13,50%;0.0;-154535000.0;-0.16;-31,25%
AERI3;2.17;-0.15;-0.14;0.255;0,00%;0.087;-0.35;-0.34;-0.06;-5.27;-6.78;-5,34%;-74,38%;-174,62%;0.52;-28,08%;93,29%;100642.0;-989060000.0;-1.96;-33,56%
FTRX4;0.11;-0.13;-0.02;0.174;0,00%;0.019;-0.03;-0.16;-0.01;-1.74;-2.24;-68,63%;-106,22%;-138,83%;0.06;-11,99%;13,50%;0.0;-154535000.0;-0.16;-31,25%
TXRX4;1.96;-0.13;-0.02;0.073;0,00%;0.048;-0.07;-0.68;-0.02;-30.96;-46.36;18,47%;-10,75%;-58,11%;0.37;-7,57%;15,16%;2203.93;-440135000.0;-0.85;-13,96%
RAIZ4;0.31;-0.12;-0.29;0.014;0,00%;0.034;-0.05;0.84;-0.04;16.54;4.75;5,57%;1,72%;-12,07%;0.36;4,91%;241,22%;3884910.0;-11162300000.0;-5.39;0,94%
LUPA3;3.75;-0.12;-0.6;0.486;0,00%;0.037;-2.25;-0.59;-0.06;-7.3;-8.06;23,62%;-82,40%;-412,75%;0.96;-7,21%;509,29%;46941.3;-29590000.0;-6.83;-20,67%
PMAM3;0.41;-0.11;-0.02;0.253;0,00%;0.117;-0.02;-0.57;-0.02;-23.39;-33.0;-28,28%;-44,48%;-220,27%;0.04;-43,08%;16,84%;7154950.0;-7811240000.0;-0.78;-36,31%
SJOS4;0.09;-0.11;-0.01;0.644;0,00%;0.402;-0.01;0.71;-0.01;13.54;13.54;86,38%;90,09%;-561,74%;0.01;-4,25%;5,30%;0.0;-199887000.0;-0.11;-13,54%
IFCM3;1.3;-0.11;0.27;0.057;0,00%;0.03;0.15;-0.29;-0.08;-3.48;-8.46;18,54%;-19,95%;-50,54%;1.69;-13,84%;-237,77%;190631.0;134114000.0;3.00;-2,08%
MNDL4;0.38;-0.11;0.03;0.004;0,00%;0.003;-0.02;0.03;-0.01;3.81;3.39;39,94%;12,60%;-3,23%;0.75;10,16%;-30,91%;0.0;108569000.0;4.56;9,85%
MEND5;6.5;-0.11;0.0;25.902;0,00%;0.071;-12.43;-0.31;0.0;-66.29;-66.41;84,23%;-8.246,19%;-23.064,00%;0.22;-22,80%;3,58%;0.0;-16671600000.0;-0.84;19,86%
TOKY3;10.04;-0.1;0.15;0.022;0,00%;0.015;-0.07;-0.78;-0.02;-15.75;3.5;51,42%;-2,78%;-25,81%;0.58;-2,47%;-142,15%;99857.1;182554000.0;2.85;21,31%
BHIA3;1.22;-0.09;-0.15;0.042;0,00%;0.048;-0.16;0.54;-0.06;3.05;2.09;31,19%;7,69%;-44,42%;0.64;14,81%;159,69%;9110070.0;-8270000000.0;-0.69;-1,35%
FBMC4;1.96;-0.09;-0.02;0.095;0,00%;0.034;-0.04;-0.07;-0.02;-0.53;-0.59;-60,76%;-135,59%;-101,97%;0.31;-64,70%;24,19%;0.0;-63552000.0;-0.15;-31,66%
OIBR4;0.5;-0.09;-0.01;0.725;0,00%;0.009;-0.05;-0.06;-0.01;-3.93;-5.23;-830,11%;-1.141,46%;-808,87%;0.59;-17,97%;11,89%;555.37;-15496000000.0;-0.65;-45,94%
CTSA3;2.0;-0.09;0.14;0.391;0,00%;0.021;-0.05;-0.18;-0.03;-3.31;-3.81;-143,89%;-212,43%;-453,89%;0.28;-12,97%;-162,83%;4.65;99103000.0;2.38;-50,19%
VPTA4;10.5;-0.07;-0.01;0.26;0,00%;0.054;-0.02;-0.13;-0.01;-6.89;-6.89;-147,66%;-193,57%;-396,38%;0.23;-45,00%;10,11%;0.0;-867658000.0;-0.33;-58,91%
GFSA3;0.25;-0.06;0.03;0.08;0,00%;0.008;0.07;-0.14;-0.06;-5.37;-5.7;-37,28%;-56,05%;-124,06%;1.31;-6,27%;-39,87%;1125250.0;1533210000.0;0.94;-12,18%
SNSY5;2.28;-0.06;-0.01;0.018;0,00%;0.031;-0.07;-0.42;-0.01;-6.37;-12.84;19,76%;-4,39%;-31,96%;0.58;-8,68%;12,76%;7143.05;-2412990000.0;-0.10;5,22%
CTSA4;1.29;-0.06;0.09;0.252;0,00%;0.013;-0.03;-0.12;-0.02;-3.24;-3.73;-143,89%;-212,43%;-453,89%;0.28;-12,97%;-162,83%;56.57;99103000.0;2.38;-50,19%
CTNM4;0.86;-0.06;-0.07;0.041;0,00%;0.009;-0.01;-0.06;-0.01;-2.95;-3.75;-7,79%;-67,36%;-137,36%;0.24;-17,07%;126,34%;0.0;-375916000.0;-3.29;-24,85%
VPSC4;9.99;-0.05;4.3;0.029;0,00%;0.033;-0.06;-0.13;-0.06;-0.2;-0.2;-9,11%;-22,82%;-55,90%;0.43;-28,56%;-8.246,83%;0.0;1232000.0;2.55;-10,02%
TENE7;9.8;-0.05;-0.01;0.997;0,00%;0.126;-0.27;2.26;-0.01;2.26;1.23;51,22%;44,15%;-2.034,65%;0.02;5,74%;13,67%;0.0;-176981000.0;0.00;509,56%
VAGV3;1.14;-0.05;-0.01;0.014;0,00%;0.037;-0.08;-0.27;-0.01;-8.9;-8.9;12,75%;-5,08%;-29,29%;0.52;-15,14%;20,73%;0.0;-8194580000.0;-0.31;1,06%
DHBI4;1.01;-0.04;-0.01;0.046;0,00%;0.018;-0.01;-0.2;-0.01;-21.09;-51.1;15,15%;-23,58%;-154,81%;0.12;-10,50%;21,03%;0.0;-456340000.0;-0.99;-23,62%
VAGV4;1.02;-0.04;-0.01;0.012;0,00%;0.033;-0.07;-0.24;-0.01;-8.87;-8.87;12,75%;-5,08%;-29,29%;0.52;-15,14%;20,73%;0.0;-8194580000.0;-0.31;1,06%
GAFP3;0.12;-0.04;-0.01;0.372;0,00%;0.015;-0.09;-0.48;-0.01;-46.92;-46.92;38,40%;-77,57%;-981,28%;0.51;-3,21%;38,79%;0.0;-80712500.0;-1.42;-58,09%
ARTE3;7.7;-0.04;-0.04;0.0;0,00%;0.103;0.0;-0.52;0.0;-15.85;-15.85;0,00%;0,00%;0,00%;0.0;0,00%;102,90%;0.0;-33570000.0;-1.06;-64,35%
JFEN3;2.15;-0.03;-0.02;0.056;0,00%;0.008;-0.22;-0.07;-0.01;-4.27;-4.32;-40,83%;-76,40%;-159,76%;0.96;-12,06%;50,20%;42116.1;-314705000.0;-1.00;110,53%
SCAR4;10.0;-0.03;0.0;0.002;0,00%;0.0;0.0;0.02;0.0;1.86;0.5;50,12%;9,66%;-2,43%;2.13;0,97%;-1,70%;0.0;972626000.0;0.05;-8,65%
RPMG3;0.85;-0.03;-0.01;0.007;0,00%;0.006;-0.02;-0.03;-0.01;0.0;0.0;-14,43%;-21,08%;-19,19%;0.76;-18,65%;22,32%;1243.33;-7433370000.0;0.01;43,64%
TROR3;2.63;-0.03;-0.01;0.598;0,00%;0.532;-0.01;-6.57;-0.01;-728.92;-728.92;4,93%;-9,11%;-1.745,52%;0.01;-9,77%;21,14%;0.0;-1959650000.0;-0.80;6,34%
VPSC3;6.03;-0.03;2.59;0.017;0,00%;0.02;-0.03;-0.08;-0.04;-0.15;-0.15;-9,11%;-22,82%;-55,90%;0.43;-28,56%;-8.246,83%;0.0;1232000.0;2.55;-10,02%
VPTA3;5.0;-0.03;0.0;0.124;0,00%;0.026;-0.01;-0.06;0.0;-6.82;-6.82;-147,66%;-193,57%;-396,38%;0.23;-45,00%;10,11%;0.0;-867658000.0;-0.33;-58,91%
ARTE4;6.81;-0.03;-0.03;0.0;0,00%;0.091;0.0;-0.46;0.0;-15.79;-15.79;0,00%;0,00%;0,00%;0.0;0,00%;102,90%;0.0;-33570000.0;-1.06;-64,35%
TROR4;1.56;-0.02;0.0;0.355;0,00%;0.316;0.0;-3.9;0.0;-726.24;-726.24;4,93%;-9,11%;-1.745,52%;0.01;-9,77%;21,14%;0.0;-1959650000.0;-0.80;6,34%
OIBR3;0.1;-0.02;0.0;0.145;0,00%;0.002;-0.01;-0.01;0.0;-3.87;-5.16;-830,11%;-1.141,46%;-808,87%;0.59;-17,97%;11,89%;30387.1;-15496000000.0;-0.65;-45,94%
PDGR3;1.08;-0.02;0.0;0.041;0,00%;0.01;-0.01;-0.06;0.0;-5.62;-5.76;40,33%;-63,27%;-247,33%;0.23;-46,00%;6,33%;88047.7;-3292800000.0;-0.09;-19,47%
SGPS3;1.64;-0.02;-0.02;0.03;0,00%;0.007;-0.01;-0.05;-0.01;-3.04;-3.99;-2,19%;-62,34%;-176,80%;0.22;-17,44%;127,05%;0.0;-764048000.0;-1.34;-22,01%
GAFP4;0.05;-0.02;-0.01;0.155;0,00%;0.006;-0.04;-0.2;0.0;-46.65;-46.65;38,40%;-77,57%;-981,28%;0.51;-3,21%;38,79%;0.0;-80712500.0;-1.42;-58,09%
MILK33;0.3;-0.02;-0.02;0.077;0,00%;0.029;-0.08;-0.04;-0.02;-0.11;-0.12;6,01%;-176,80%;-508,08%;0.5;-70,91%;165,12%;0.0;-516285000.0;-0.04;-42,04%
GSHP3;2.77;-0.01;0.0;0.028;0,00%;0.008;-0.04;0.08;0.0;28.24;26.69;66,11%;33,91%;-209,37%;0.47;9,98%;23,14%;516.65;-1741770000.0;-1.06;6,57%
RPMG4;0.26;-0.01;0.0;0.002;0,00%;0.002;-0.01;-0.01;0.0;0.02;0.02;-14,43%;-21,08%;-19,19%;0.76;-18,65%;22,32%;0.0;-7433370000.0;0.01;43,64%
OSXB3;1.25;0.0;0.0;0.045;0,00%;0.006;-0.01;0.12;0.0;240.26;292.57;99,48%;38,81%;-1.321,11%;0.06;5,01%;10,61%;2001.16;-10465900000.0;-0.78;30,22%
CGOS4;16.0;0.0;0.0;0.0;0,00%;0.0;0.0;-0.16;0.0;-313.85;-313.85;15,21%;-0,20%;-10,48%;0.54;-0,08%;-39,02%;0.0;453387000.0;2.32;8,97%
TENE5;0.5;0.0;0.0;0.051;0,00%;0.006;-0.01;0.12;0.0;0.12;0.06;51,22%;44,15%;-2.034,65%;0.02;5,74%;13,67%;0.0;-176981000.0;0.00;509,56%
OSAO4;8.98;0.0;0.0;0.0;0,00%;0.0;0.0;-0.02;0.0;-41.04;4.05;14,46%;-0,52%;-16,77%;0.24;-1,33%;24,03%;0.0;-825275000.0;-0.31;13,26%
ARPS4;0.0;0.0;0.0;0.0;0,00%;0.0;0.0;0.0;0.0;-14.08;-14.08;12,90%;-4,92%;-11,59%;0.91;-6,64%;20,34%;0.0;-12690000.0;-1.21;-17,53%
SALM3;5.7;0.0;0.0;0.0;0,00%;0.0;0.0;0.0;0.0;1.1;1.1;27,49%;10,22%;4,13%;1.31;25,78%;19,53%;0.0;475600000.0;0.53;24,53%
CMMA4;0.81;0.0;0.0;0.0;0,00%;0.0;0.0;0.0;0.0;0.03;0.03;0,00%;0,00%;0,00%;0.0;0,00%;-1,92%;0.0;-79623000.0;0.00;0,00%
CZRS3;0.0;0.0;0.0;0.0;0,00%;0.0;0.0;0.0;0.0;0.0;0.0;0,00%;0,00%;0,00%;0.0;0,00%;3,34%;0.0;1145670000.0;0.00;14,44%
BPNM3;0.0;0.0;0.0;0.0;0,00%;0.0;0.0;0.0;0.0;0.0;0.0;0,00%;0,00%;0,00%;0.0;0,00%;9,67%;0.0;7792670000.0;0.00;-1,53%
BSGR3;1091.28;0.0;0.0;0.0;0,00%;0.0;0.0;0.0;0.0;0.0;0.0;0,00%;0,00%;0,00%;0.0;0,00%;0,00%;0.0;0.0;-;0,00%
CBMA3;0.01;0.0;0.0;0.0;0,00%;0.008;-0.26;0.0;0.0;0.0;0.0;0,00%;0,00%;0,00%;0.54;0,00%;0,00%;0.0;-34022300000.0;-0.86;252,65%
ALBA3;2.15;0.0;0.0;0.0;0,00%;0.0;0.0;0.0;0.0;-1.27;-1.27;19,81%;9,50%;9,62%;1.83;20,40%;19,77%;0.0;354860000.0;-0.25;14,69%
VNET3;0.0;0.0;0.0;0.0;0,00%;0.0;0.0;0.0;0.0;0.0;0.0;0,00%;0,00%;0,00%;0.0;0,00%;0,00%;0.0;14163000000.0;0.55;1,08%
CSPC4;1.2;0.0;0.0;0.0;0,00%;0.0;0.0;0.0;0.0;1.43;1.43;41,27%;38,62%;18,85%;1.43;29,18%;45,33%;0.0;2126670000.0;1.33;41,15%
BOVH3;15.71;0.0;6.16;0.0;0,00%;4.874;6.9;0.0;6.91;0.0;0.0;0,00%;0,00%;0,00%;4.4;0,00%;0,00%;0.0;1843320000.0;-1.01;0,00%
ARND3;0.56;0.0;0.63;0.0;0,00%;0.462;0.59;0.0;0.6;0.0;0.0;0,00%;0,00%;0,00%;5.25;0,00%;0,00%;1095.95;125211000.0;-1.14;-0,88%
VVAX3;0.0;0.0;0.0;0.0;0,00%;0.0;0.0;0.0;0.0;-4.44;-4.44;35,82%;-7,36%;-37,76%;2.19;-6,52%;-92,03%;0.0;144676000.0;0.80;0,00%
MSAN4;6.44;0.0;0.0;0.0;0,00%;0.0;0.0;0.0;0.0;0.21;0.21;17,02%;6,27%;2,42%;1.18;11,78%;11,81%;0.0;2533030000.0;0.10;101,35%
GALO4;0.25;0.0;0.0;0.0;0,00%;0.0;0.0;0.0;0.0;0.0;0.0;95,13%;13,98%;-184,58%;0.0;39,37%;7,62%;0.0;-60607000.0;0.00;-28,97%
BBTG13;0.0;0.0;0.0;0.0;0,00%;0.0;0.0;0.0;0.0;0.0;0.0;0,00%;0,00%;0,00%;0.0;0,00%;-42,86%;0.0;7000.0;0.00;0,00%
INHA3;0.0;0.0;0.0;0.0;0,00%;0.0;0.0;0.0;0.0;-5.23;-5.55;-37,28%;-56,05%;-124,06%;1.31;-6,27%;-39,87%;0.0;1533210000.0;0.94;-12,18%
PTIP4;25.15;0.0;0.0;0.0;0,00%;0.0;0.0;0.0;0.0;3.62;3.62;21,01%;13,73%;7,55%;0.7;23,13%;-121,74%;0.0;-155957000.0;-8.03;62,11%
LATS3;22.0;0.0;0.0;0.0;0,00%;0.0;0.0;0.0;0.0;1.27;1.27;17,27%;11,74%;1,30%;1.67;11,63%;1,84%;0.0;680646000.0;0.21;15,37%
VSPT3;0.0;0.0;0.0;0.0;0,00%;0.0;0.0;0.0;0.0;0.0;0.0;0,00%;0,00%;0,00%;0.0;0,00%;0,00%;0.0;5031600000.0;-0.05;4,92%
SGEN4;0.6;0.0;0.09;71.251;0,00%;0.059;-1.0;-3.81;-0.24;-4.5;-4.5;32,33%;-1.871,17%;0,00%;0.65;-1,59%;0,00%;0.0;156981000.0;0.02;-59,85%
SEBB3;0.0;0.0;0.0;0.0;0,00%;0.0;0.0;0.0;0.0;-0.23;-0.23;42,17%;9,24%;7,40%;2.44;24,15%;23,01%;0.0;145783000.0;-0.06;50,04%
BBTG11;15.01;0.0;0.0;0.0;0,00%;0.0;0.0;0.0;0.0;0.0;0.0;0,00%;0,00%;0,00%;0.0;0,00%;0,00%;0.0;0.0;-;0,00%
JFAB4;0.06;0.0;0.0;0.0;0,00%;0.0;0.0;0.0;0.0;-112.33;-112.33;0,00%;0,00%;0,00%;0.0;0,00%;2,34%;0.0;-10183000.0;-0.89;0,00%
CCHI4;0.02;0.0;-0.01;0.0;0,00%;0.077;0.0;0.0;0.0;0.0;0.0;0,00%;0,00%;0,00%;0.0;0,00%;0,00%;0.0;-160477000.0;-0.11;20,36%
REPA3;1.0;0.0;0.0;0.0;0,00%;0.0;0.0;0.0;0.0;4.54;4.54;28,06%;5,18%;1,22%;1.99;4,05%;1,91%;0.0;378378000.0;0.37;1,09%
EQMA5B;0.0;0.0;0.0;0.0;0,00%;0.0;0.0;0.0;0.0;0.0;0.0;0,00%;0,00%;0,00%;0.0;0,00%;0,00%;0.0;4940330000.0;0.79;9,05%
VGOR3;0.0;0.0;0.0;0.0;0,00%;0.0;0.0;0.0;0.0;6.77;6.77;29,85%;4,50%;-4,59%;1.04;6,00%;-24,29%;0.0;135178000.0;1.78;4,77%
GPIV33;4.42;0.0;0.23;-6.068;0,00%;0.12;0.89;-2.36;2.57;0.56;0.56;100,00%;257,32%;0,00%;3.34;-6,05%;0,00%;0.0;1318490000.0;-0.28;-40,99%
ECIS4;145.0;0.0;0.0;0.0;0,00%;0.0;0.0;0.0;0.0;1.53;1.53;76,12%;34,90%;14,18%;1.38;12,48%;7,33%;0.0;129346000.0;0.28;4,66%
TNEP3;3.01;0.0;0.0;0.0;0,00%;0.0;0.0;0.0;0.0;-1.09;-1.09;53,67%;20,92%;25,42%;2.39;20,53%;22,80%;0.0;955105000.0;-0.24;8,15%
LECO3;0.0;0.0;0.0;0.0;0,00%;0.0;0.0;0.0;0.0;-3.0;-3.0;11,17%;-2,14%;-4,72%;0.82;-3,48%;-14,82%;0.0;105928000.0;0.20;3,58%
SALM4;5.9;0.0;0.0;0.0;0,00%;0.0;0.0;0.0;0.0;1.1;1.1;27,49%;10,22%;4,13%;1.31;25,78%;19,53%;0.0;475600000.0;0.53;24,53%
BERG3;33.0;0.0;0.0;0.0;0,00%;0.0;0.0;0.0;0.0;-10.49;-10.49;19,07%;-8,60%;-32,60%;0.46;-5,58%;-102,71%;0.0;9538000.0;2.84;-8,00%
JBDU3;0.0;0.0;0.0;0.0;0,00%;0.0;0.0;0.0;0.0;0.0;0.0;0,00%;0,00%;0,00%;0.0;0,00%;0,00%;0.0;56569000.0;0.12;0,00%
EGGY3;0.0;0.0;0.0;0.0;0,00%;0.0;0.0;0.0;0.0;0.0;0.0;0,00%;0,00%;0,00%;0.0;0,00%;0,00%;0.0;954480000.0;0.85;-0,82%
CBMA4;0.01;0.0;0.0;0.0;0,00%;0.008;-0.26;0.0;0.0;0.0;0.0;0,00%;0,00%;0,00%;0.54;0,00%;0,00%;0.0;-34022300000.0;-0.86;252,65%
SASG3;0.98;0.0;0.0;0.0;0,00%;0.0;0.0;0.0;0.0;0.0;0.0;0,00%;0,00%;0,00%;0.0;0,00%;0,00%;0.0;0.0;-;0,00%
BMEF3;11.0;0.0;4.16;0.0;0,00%;3.482;10.24;0.0;11.3;0.0;0.0;0,00%;0,00%;0,00%;3.7;0,00%;0,00%;0.0;2674780000.0;-0.54;0,00%
AGEI3;7.8;0.0;1.25;0.0;0,00%;0.47;1.39;0.0;-12.59;0.0;0.0;0,00%;0,00%;0,00%;2.45;0,00%;0,00%;0.0;1878210000.0;0.86;0,00%
ARPS3;0.3;0.0;0.0;0.0;0,00%;0.0;0.0;0.0;0.0;-14.08;-14.08;12,90%;-4,92%;-11,59%;0.91;-6,64%;20,34%;0.0;-12690000.0;-1.21;-17,53%
ODER3;0.0;0.0;0.0;0.0;0,00%;0.0;0.0;0.0;0.0;0.0;0.0;0,00%;0,00%;0,00%;0.0;0,00%;0,00%;0.0;609518000.0;0.31;3,17%
VVAX4;0.0;0.0;0.0;0.0;0,00%;0.0;0.0;0.0;0.0;-4.44;-4.44;35,82%;-7,36%;-37,76%;2.19;-6,52%;-92,03%;0.0;144676000.0;0.80;0,00%
CSPC3;1.24;0.0;0.0;0.0;0,00%;0.0;0.0;0.0;0.0;1.43;1.43;41,27%;38,62%;18,85%;1.43;29,18%;45,33%;0.0;2126670000.0;1.33;41,15%
ABCB3;0.0;0.0;0.0;0.0;0,00%;0.0;0.0;0.0;0.0;0.0;0.0;0,00%;0,00%;0,00%;0.0;0,00%;14,05%;0.0;7258910000.0;0.00;7,57%
CCTY3;0.0;0.0;0.0;0.0;0,00%;0.0;0.0;0.0;0.0;0.0;0.0;0,00%;0,00%;0,00%;0.0;0,00%;0,00%;0.0;0.0;-;0,00%
ESTC4;0.0;0.0;0.0;0.0;0,00%;0.0;0.0;0.0;0.0;4.6;2.49;59,83%;16,91%;2,02%;1.61;11,35%;3,89%;0.0;2916530000.0;1.48;5,60%
VSPT4;0.0;0.0;0.0;0.0;0,00%;0.0;0.0;0.0;0.0;0.0;0.0;0,00%;0,00%;0,00%;0.0;0,00%;0,00%;0.0;5031600000.0;-0.05;4,92%
BAUH4;93.39;0.0;3.18;0.0;1,16%;2.233;7.63;0.0;8.23;0.0;0.0;0,00%;0,00%;0,00%;2.06;0,00%;0,00%;217.19;153407000.0;-0.52;13,32%
ICPI3;0.0;0.0;0.0;0.0;0,00%;0.0;0.0;0.0;0.0;0.0;0.0;0,00%;0,00%;0,00%;0.0;0,00%;0,00%;0.0;0.0;-;0,00%
ILLS4;100.01;0.0;0.0;0.0;0,00%;0.0;0.0;0.0;0.0;0.73;0.73;35,61%;8,43%;-10,22%;0.5;8,14%;36,09%;0.0;-18567000.0;-0.22;9,33%
BPAT33;20.0;0.0;0.82;0.0;35,72%;0.0;0.0;0.0;0.0;0.0;0.0;0,00%;0,00%;0,00%;0.0;0,00%;0,00%;0.0;876492000.0;0.00;0,00%
SEBB4;0.0;0.0;0.0;0.0;0,00%;0.0;0.0;0.0;0.0;-0.23;-0.23;42,17%;9,24%;7,40%;2.44;24,15%;23,01%;0.0;145783000.0;-0.06;50,04%
MSAN3;6.44;0.0;0.0;0.0;0,00%;0.0;0.0;0.0;0.0;0.21;0.21;17,02%;6,27%;2,42%;1.18;11,78%;11,81%;0.0;2533030000.0;0.10;101,35%
GALO3;0.0;0.0;0.0;0.0;0,00%;0.0;0.0;0.0;0.0;0.0;0.0;95,13%;13,98%;-184,58%;0.0;39,37%;7,62%;0.0;-60607000.0;0.00;-28,97%
SLCP3;610.02;0.0;0.0;0.0;0,00%;0.0;0.0;0.0;0.0;0.0;0.0;0,00%;0,00%;0,00%;0.0;0,00%;0,00%;0.0;0.0;-;0,00%
DAYC3;0.0;0.0;0.0;0.0;0,00%;0.0;0.0;0.0;0.0;0.0;0.0;0,00%;0,00%;0,00%;0.0;0,00%;17,33%;0.0;3009030000.0;0.00;8,15%
PTIP3;22.0;0.0;0.0;0.0;0,00%;0.0;0.0;0.0;0.0;3.62;3.62;21,01%;13,73%;7,55%;0.7;23,13%;-121,74%;0.0;-155957000.0;-8.03;62,11%
REPA4;1.08;0.0;0.0;0.0;0,00%;0.0;0.0;0.0;0.0;4.54;4.54;28,06%;5,18%;1,22%;1.99;4,05%;1,91%;0.0;378378000.0;0.37;1,09%
EQMA6B;0.0;0.0;0.0;0.0;0,00%;0.0;0.0;0.0;0.0;0.0;0.0;0,00%;0,00%;0,00%;0.0;0,00%;0,00%;0.0;4940330000.0;0.79;9,05%
MLPA3;0.0;0.0;0.0;0.0;0,00%;0.0;0.0;0.0;0.0;-2.08;-2.08;35,38%;6,66%;8,92%;0.0;0,00%;45,13%;0.0;44578000.0;-0.70;-7,51%
CLSC6;0.0;0.0;0.0;0.0;0,00%;0.0;0.0;0.0;0.0;0.0;0.0;0,00%;0,00%;0,00%;0.0;0,00%;0,00%;0.0;4228180000.0;1.22;2,82%
SGEN3;5.0;0.0;0.77;593.76;0,00%;0.493;-8.34;-31.73;-2.01;-32.42;-32.42;32,33%;-1.871,17%;0,00%;0.65;-1,59%;0,00%;0.0;156981000.0;0.02;-59,85%
DUFB11;0.0;0.0;0.0;0.0;0,00%;0.0;0.0;0.0;0.0;0.0;0.0;0,00%;0,00%;0,00%;0.0;0,00%;0,00%;0.0;0.0;-;0,00%
TNEP4;3.95;0.0;0.0;0.0;0,00%;0.0;0.0;0.0;0.0;-1.09;-1.09;53,67%;20,92%;25,42%;2.39;20,53%;22,80%;0.0;955105000.0;-0.24;8,15%
CCHI3;0.02;0.0;-0.01;0.0;0,00%;0.077;0.0;0.0;0.0;0.0;0.0;0,00%;0,00%;0,00%;0.0;0,00%;0,00%;0.0;-160477000.0;-0.11;20,36%
SFSA3;0.0;0.0;0.0;0.0;0,00%;0.0;0.0;0.0;0.0;0.0;0.0;0,00%;0,00%;0,00%;0.0;0,00%;6,25%;0.0;739524000.0;0.00;0,15%
PRBC3;0.0;0.0;0.0;0.0;0,00%;0.0;0.0;0.0;0.0;0.0;0.0;0,00%;0,00%;0,00%;0.0;0,00%;8,27%;0.0;1319270000.0;0.00;-1,98%
ECIS3;211.65;0.0;0.0;0.0;0,00%;0.0;0.0;0.0;0.0;1.53;1.53;76,12%;34,90%;14,18%;1.38;12,48%;7,33%;0.0;129346000.0;0.28;4,66%
ENER5;6.0;0.0;0.0;0.0;0,00%;0.0;0.0;0.0;0.0;3.93;3.25;28,52%;22,47%;6,16%;1.45;15,85%;23,40%;0.0;1281830000.0;3.36;3,96%
ENER3;10.5;0.0;0.0;0.0;0,00%;0.0;0.0;0.0;0.0;3.93;3.25;28,52%;22,47%;6,16%;1.45;15,85%;23,40%;0.0;1281830000.0;3.36;3,96%
ENER6;12.0;0.0;0.0;0.0;0,00%;0.0;0.0;0.0;0.0;3.93;3.25;28,52%;22,47%;6,16%;1.45;15,85%;23,40%;0.0;1281830000.0;3.36;3,96%
TEFC11;35.5;0.0;0.0;0.0;0,00%;0.0;0.0;0.0;0.0;3.45;3.45;58,69%;23,54%;14,18%;0.61;14,85%;46,72%;0.0;45856000000.0;2.69;12,91%
CAFE4;0.5;0.0;0.0;0.071;0,00%;0.004;0.0;-0.13;0.0;-45.27;-53.49;-8,72%;-53,07%;2.163,80%;0.02;-2,81%;-64,17%;0.0;-377387000.0;-0.98;-11,30%
MLPA12;40.0;0.01;0.0;0.001;0,00%;0.002;0.0;0.01;0.0;-2.06;-2.06;35,38%;6,66%;8,92%;0.0;0,00%;45,13%;0.0;44578000.0;-0.70;-7,51%
MLPA4;45.0;0.01;0.0;0.001;0,00%;0.003;0.0;0.01;0.0;-2.06;-2.06;35,38%;6,66%;8,92%;0.0;0,00%;45,13%;0.0;44578000.0;-0.70;-7,51%
AGXY3;0.66;0.01;-0.07;0.007;0,00%;0.006;0.03;-0.02;-0.01;-1.33;-1.66;-1,14%;-41,36%;69,73%;2.19;-35,52%;-661,54%;78599.4;-185458000.0;-5.11;-25,15%
RCTB42;20.0;0.01;0.0;0.004;0,00%;0.0;0.0;-0.01;-0.01;5.47;45.85;-28,91%;-54,28%;25,25%;10.6;-11,53%;8,14%;0.0;1691040000.0;-0.96;13,97%
CAFE3;2.0;0.02;-0.01;0.283;0,00%;0.015;-0.01;-0.53;-0.01;-45.67;-53.96;-8,72%;-53,07%;2.163,80%;0.02;-2,81%;-64,17%;0.0;-377387000.0;-0.98;-11,30%
RCTB41;33.51;0.02;0.0;0.006;0,00%;0.001;0.0;-0.01;-0.02;5.46;45.81;-28,91%;-54,28%;25,25%;10.6;-11,53%;8,14%;0.0;1691040000.0;-0.96;13,97%
RCTB31;41.0;0.03;0.0;0.008;0,00%;0.001;0.0;-0.01;-0.02;5.46;45.79;-28,91%;-54,28%;25,25%;10.6;-11,53%;8,14%;0.0;1691040000.0;-0.96;13,97%
BSCT3;4.05;0.04;0.0;0.0;0,00%;0.0;0.0;0.0;0.0;0.0;0.0;0,00%;0,00%;0,00%;0.0;0,00%;9,05%;0.0;212960000.0;0.00;1,92%
CORR3;12.0;0.04;0.06;0.834;0,00%;0.017;0.03;-0.08;0.42;3.33;3.38;100,00%;-1.057,66%;2.141,14%;4.25;-85,44%;152,84%;0.0;4665000.0;-2.58;-42,09%
RCTB33;57.0;0.04;0.0;0.011;0,00%;0.001;0.0;-0.02;-0.03;5.46;45.74;-28,91%;-54,28%;25,25%;10.6;-11,53%;8,14%;0.0;1691040000.0;-0.96;13,97%
BRSR4;181.1;0.05;0.01;0.0;0,00%;0.0;0.0;0.0;0.0;0.0;0.0;0,00%;0,00%;0,00%;0.0;0,00%;13,26%;0.0;11551000000.0;0.00;8,50%
PALF11;125.0;0.06;0.02;0.007;0,00%;0.005;-0.06;0.03;-0.01;2.81;2.81;27,12%;21,05%;11,63%;0.72;16,57%;43,47%;0.0;4449260000.0;2.19;1,81%
SULT4;0.43;0.06;0.01;0.023;0,00%;0.002;-0.01;-1.16;0.0;-1.62;-1.74;4,58%;-1,98%;39,73%;0.29;-0,20%;13,41%;0.0;701510000.0;0.00;12,26%
BPHA3;0.62;0.06;-0.24;-20.054;0,00%;0.995;-0.38;0.78;-0.2;1.6;1.43;-779,26%;-2.581,69%;-33.652,50%;0.06;401,01%;-402,50%;0.0;-292294000.0;-0.25;-53,39%
IGBR5;18.9;0.06;-0.04;3.248;0,00%;0.111;-0.11;-0.4;-0.03;-4.55;-4.76;100,00%;-817,12%;5.379,32%;0.33;-57,99%;-60,10%;0.0;-650957000.0;-0.38;13,97%
IGBR6;19.0;0.06;-0.04;3.266;0,00%;0.112;-0.11;-0.4;-0.03;-4.55;-4.76;100,00%;-817,12%;5.379,32%;0.33;-57,99%;-60,10%;0.0;-650957000.0;-0.38;13,97%
LREN4;105.0;0.07;0.01;0.007;0,00%;0.006;0.02;0.03;0.04;-0.29;-0.21;61,99%;23,02%;9,35%;1.69;23,53%;14,41%;0.0;10367800000.0;-0.11;6,18%
SULT3;0.56;0.08;0.01;0.03;0,00%;0.003;-0.02;-1.51;0.0;-1.97;-2.12;4,58%;-1,98%;39,73%;0.29;-0,20%;13,41%;0.0;701510000.0;0.00;12,26%
ESTR4;1.87;0.11;-0.07;0.1;0,00%;0.043;-0.04;-0.84;-0.03;-7.81;-8.58;37,72%;-11,96%;94,25%;0.25;-5,70%;-62,71%;1044.74;-226654000.0;-0.55;-4,65%
PALF5;236.6;0.11;0.05;0.013;0,00%;0.009;-0.11;0.06;-0.01;2.84;2.84;27,12%;21,05%;11,63%;0.72;16,57%;43,47%;0.0;4449260000.0;2.19;1,81%
CREM4;48.0;0.11;0.01;0.002;0,00%;0.002;0.02;0.03;-0.02;3.55;2.09;30,30%;8,05%;2,10%;1.29;11,36%;7,50%;0.0;189701000.0;1.01;-0,27%
PALF3;279.9;0.13;0.06;0.015;0,00%;0.011;-0.13;0.07;-0.02;2.85;2.85;27,12%;21,05%;11,63%;0.72;16,57%;43,47%;0.0;4449260000.0;2.19;1,81%
TPRC6;105.0;0.13;0.01;0.015;0,00%;0.006;0.12;0.08;-0.03;0.0;0.0;56,52%;19,44%;11,11%;1.34;9,67%;8,33%;0.0;22847800000.0;-0.01;2,29%
TPRC3;113.5;0.14;0.01;0.016;0,00%;0.007;0.13;0.08;-0.03;0.01;0.0;56,52%;19,44%;11,11%;1.34;9,67%;8,33%;0.0;22847800000.0;-0.01;2,29%
ESTR3;3.01;0.17;-0.11;0.161;0,00%;0.069;-0.07;-1.35;-0.05;-8.32;-9.14;37,72%;-11,96%;94,25%;0.25;-5,70%;-62,71%;0.0;-226654000.0;-0.55;-4,65%
AZUL4;0.81;0.18;-0.06;0.014;0,00%;0.01;-0.03;0.1;-0.01;6.77;3.49;20,74%;13,89%;7,46%;0.42;11,24%;-31,48%;0.0;-5154860000.0;-3.91;11,89%
SLED4;1.6;0.22;-0.04;0.207;0,00%;0.239;-0.1;-0.22;-0.04;-0.74;-0.9;47,85%;-93,81%;92,72%;0.12;-2.259,94%;-18,07%;0.0;-381277000.0;-0.09;-48,69%
HAGA4;1.72;0.24;0.58;0.622;0,00%;0.271;0.5;-846.7;0.73;445.85;-11.32;27,65%;-0,07%;263,46%;2.51;-0,11%;244,20%;45030.7;35487300.0;-0.88;0,51%
CESP4;16.29;0.24;0.0;0.003;0,00%;0.0;0.01;0.01;0.0;7.27;4.24;24,91%;42,83%;1,30%;2.12;6,25%;0,51%;0.0;4527880000.0;1.22;-4,47%
CORR4;82.0;0.27;0.41;5.701;0,00%;0.118;0.2;-0.54;2.84;2.87;2.91;100,00%;-1.057,66%;2.141,14%;4.25;-85,44%;152,84%;0.0;4665000.0;-2.58;-42,09%
ASSM4;6.1;0.29;-0.15;-8.357;0,00%;0.133;-0.2;0.4;-0.08;1.88;1.88;-1.091,33%;-2.084,39%;-2.915,61%;0.21;35,38%;-50,73%;0.0;-9943000.0;-0.54;-8,79%
GAZO4;2.32;0.31;-0.03;-1.411;0,00%;0.205;-0.46;0.86;-0.03;1.03;1.03;-105,07%;-164,00%;-454,48%;0.35;25,06%;-10,61%;0.0;-102667000.0;-0.01;-28,21%
ASSM3;7.12;0.33;-0.17;-9.754;0,00%;0.155;-0.23;0.47;-0.09;1.95;1.95;-1.091,33%;-2.084,39%;-2.915,61%;0.21;35,38%;-50,73%;0.0;-9943000.0;-0.54;-8,79%
HAGA3;2.56;0.35;0.86;0.926;0,00%;0.404;0.75;-1260.2;1.09;32.35;-0.82;27,65%;-0,07%;263,46%;2.51;-0,11%;244,20%;7727.44;35487300.0;-0.88;0,51%
BELG4;1370.0;0.36;0.07;0.062;0,00%;0.044;0.29;0.23;2.59;0.4;0.4;34,62%;27,70%;19,46%;1.97;22,04%;18,59%;0.0;13495400000.0;0.05;48,47%
BELG3;1375.5;0.36;0.07;0.063;0,00%;0.044;0.29;0.23;2.6;0.41;0.41;34,62%;27,70%;19,46%;1.97;22,04%;18,59%;0.0;13495400000.0;0.05;48,47%
AGEN33;0.16;0.39;-0.03;0.0;0,00%;0.066;-0.17;0.11;-0.02;3.73;3.61;0,00%;0,00%;0,00%;0.09;87,67%;-8,85%;0.0;-1112630000.0;-1.10;-87,03%
TRPN3;0.71;0.44;0.54;0.263;104,74%;0.399;0.59;0.36;0.59;-0.35;-0.35;100,00%;72,28%;59,29%;3.61;523,01%;122,35%;0.0;59358000.0;-1.07;5,77%
SLED3;3.21;0.45;-0.08;0.416;0,00%;0.48;-0.2;-0.44;-0.07;-0.96;-1.18;47,85%;-93,81%;92,72%;0.12;-2.259,94%;-18,07%;0.0;-381277000.0;-0.09;-48,69%
GAZO3;3.4;0.45;-0.05;-2.068;0,00%;0.301;-0.67;1.26;-0.04;1.43;1.43;-105,07%;-164,00%;-454,48%;0.35;25,06%;-10,61%;0.0;-102667000.0;-0.01;-28,21%
TEKA4;21.25;0.49;0.0;0.03;0,00%;0.009;0.0;2.07;0.0;19.31;9.84;20,60%;1,43%;6,06%;0.05;0,44%;-0,96%;0.0;-2284330000.0;-0.04;12,23%
FCAP3;0.62;0.52;0.11;0.0;0,00%;0.089;0.0;-6.18;0.0;-15.27;-15.27;0,00%;0,00%;0,00%;0.0;0,00%;21,83%;0.0;107134000.0;0.17;0,00%
IGBR3;175.99;0.56;-0.34;30.247;0,00%;1.035;-0.99;-3.7;-0.29;-7.85;-8.21;100,00%;-817,12%;5.379,32%;0.33;-57,99%;-60,10%;10393.3;-650957000.0;-0.38;13,97%
FCAP4;0.7;0.58;0.13;0.0;0,00%;0.1;0.0;-6.98;0.0;-16.07;-16.07;0,00%;0,00%;0,00%;0.0;0,00%;21,83%;0.0;107134000.0;0.17;0,00%
ECOM3;1.22;0.58;0.5;2.29;0,00%;0.444;3.98;-0.86;8.05;-0.77;-0.86;29,60%;-267,28%;387,33%;3.5;-55,24%;85,28%;19153.0;97939000.0;-0.05;-30,91%
TARP11;18.02;0.82;0.25;26.009;0,00%;0.245;0.0;197.74;0.0;195.29;195.29;100,00%;13,15%;3.170,05%;0.0;0,00%;29,89%;0.0;678212000.0;0.00;-71,36%
MGEL4;6.16;0.89;0.58;0.032;0,00%;0.047;-0.11;0.45;-0.1;6.91;5.4;13,09%;7,03%;3,55%;0.5;12,15%;65,89%;27666.0;60967000.0;8.43;3,19%
BNBR4;27.01;0.97;0.16;0.0;0,00%;0.0;0.0;0.0;0.0;0.0;0.0;0,00%;0,00%;0,00%;0.0;0,00%;16,40%;0.0;16813000000.0;0.00;7,36%
TEKA3;42.5;0.98;-0.01;0.059;0,00%;0.018;-0.01;4.13;-0.01;21.37;10.89;20,60%;1,43%;6,06%;0.05;0,44%;-0,96%;0.0;-2284330000.0;-0.04;12,23%
SUZA4;13.9;0.98;0.18;0.05;0,00%;0.014;0.07;0.31;-0.03;8.93;3.51;28,65%;16,12%;17,16%;3.38;5,54%;18,58%;0.0;13140900000.0;5.05;3,19%
TSPP4;9.05;1.24;0.37;0.188;0,00%;0.162;-4.02;0.85;-0.65;1.3;1.3;54,05%;22,01%;15,20%;0.89;23,92%;29,88%;0.0;9816290000.0;0.19;13,06%
ALLD3;5.32;1.41;0.32;0.092;43,05%;0.144;0.49;3.03;0.78;3.24;2.58;11,99%;3,05%;6,56%;1.66;9,32%;23,06%;2639690.0;1574190000.0;0.02;-0,69%
BSLI3;2.02;1.41;0.25;0.0;0,00%;0.0;0.0;0.0;0.0;0.0;0.0;0,00%;0,00%;0,00%;0.0;0,00%;17,52%;53857.8;3984960000.0;0.00;17,64%
EBEN4;17.51;1.56;0.55;0.106;0,00%;0.076;-1.06;0.56;-0.13;4.11;3.32;24,74%;18,87%;6,79%;0.79;15,31%;35,36%;0.0;1243950000.0;3.49;0,67%
BSLI4;2.4;1.67;0.29;0.0;0,00%;0.0;0.0;0.0;0.0;0.0;0.0;0,00%;0,00%;0,00%;0.0;0,00%;17,52%;36505.7;3984960000.0;0.00;17,64%
CLSC5;39.01;1.72;0.36;0.12;0,00%;0.101;1.45;1.28;-0.25;5.68;4.23;16,17%;9,39%;6,99%;1.27;8,73%;20,70%;0.0;4228180000.0;1.22;2,82%
TSPP3;12.6;1.72;0.51;0.262;0,00%;0.225;-5.59;1.19;-0.91;1.63;1.63;54,05%;22,01%;15,20%;0.89;23,92%;29,88%;0.0;9816290000.0;0.19;13,06%
CPFG4;12.26;1.84;0.68;0.681;0,00%;0.367;27.99;1.11;-1.69;1.22;1.02;66,96%;61,57%;51,00%;1.14;35,56%;37,16%;0.0;3268670000.0;0.07;-2,47%
PLIM4;0.59;1.89;0.03;0.02;0,00%;0.016;-0.51;0.17;-0.05;1.5;0.65;33,54%;11,93%;1,55%;0.8;10,95%;1,72%;0.0;6812390000.0;0.26;66,63%
CPFG3;12.65;1.89;0.7;0.703;0,00%;0.378;28.88;1.14;-1.74;1.25;1.04;66,96%;61,57%;51,00%;1.14;35,56%;37,16%;0.0;3268670000.0;0.07;-2,47%
VTRU3;15.07;2.07;0.56;0.962;0,17%;0.341;3.31;2.59;-1.52;3.92;3.1;66,01%;37,15%;46,56%;2.56;15,07%;27,23%;9732380.0;4014380000.0;0.29;9,03%
MMAQ4;2550.01;2.16;0.36;0.065;30,30%;0.149;0.54;-3.63;0.73;-4.86;-8.82;7,99%;-1,80%;3,02%;1.53;-7,20%;16,85%;0.0;259016000.0;0.12;18,90%
MMAQ3;2550.01;2.16;0.36;0.065;0,00%;0.149;0.54;-3.63;0.73;-4.86;-8.82;7,99%;-1,80%;3,02%;1.53;-7,20%;16,85%;0.0;259016000.0;0.12;18,90%
SOND3;38.66;2.21;1.39;0.379;38,69%;0.688;2.93;1.85;4.7;1.13;1.01;35,77%;20,42%;17,17%;1.56;51,85%;62,81%;0.0;68585000.0;-0.54;22,65%
RIAA3;7.17;2.35;0.67;0.338;45,11%;0.255;1.04;3.38;9.3;4.59;2.62;61,58%;10,00%;14,35%;1.61;8,96%;28,35%;11320200.0;5403030000.0;0.24;7,28%
STBP11;14.4;2.4;2.04;0.639;0,00%;0.417;6.51;1.31;-0.72;2.29;1.95;60,66%;48,73%;26,64%;1.41;37,81%;85,06%;0.0;1220380000.0;1.52;23,50%
LIGT3;3.72;2.48;0.64;0.383;0,00%;0.197;6.75;3.98;-0.41;8.83;5.41;15,87%;9,62%;15,44%;1.16;5,78%;25,94%;10525700.0;9309900000.0;0.78;2,19%
CTPC4;6.5;2.48;0.03;0.0;0,00%;0.003;0.0;-0.55;0.0;-2.44;-2.44;0,00%;0,00%;0,00%;0.0;0,00%;1,41%;0.0;2411000.0;0.12;-6,10%
LIGH3;16.66;2.73;0.82;0.476;0,00%;0.254;-8.77;5.72;-0.48;11.32;6.63;15,00%;8,32%;17,44%;0.85;4,96%;30,02%;0.0;7982710000.0;0.80;1,00%
SUZB6;17.88;2.77;0.45;0.473;0,00%;0.132;0.69;2.93;-0.3;11.55;4.54;28,65%;16,12%;17,14%;3.38;5,54%;16,44%;0.0;49697900000.0;1.34;2,38%
BMKS3;378.0;2.89;0.83;12.858;34,41%;0.683;1.06;-8.04;1.26;-0.44;-0.44;28,02%;-159,85%;445,49%;9.61;-24,86%;28,82%;13151.9;206657000.0;-0.79;-7,01%
MARI3;2.93;3.04;0.76;0.346;0,00%;0.384;0.95;4.99;1.65;4.89;4.89;49,79%;6,94%;11,37%;2.23;10,67%;25,13%;0.0;706711000.0;-0.01;11,89%
ELPL4;15.98;3.24;0.41;0.135;0,00%;0.094;-1.95;0.97;-0.18;4.78;3.59;19,52%;13,92%;4,16%;0.84;11,03%;12,56%;0.0;7746800000.0;1.60;3,35%
SUZB5;21.13;3.27;0.54;0.559;0,00%;0.156;0.81;3.46;-0.36;12.08;4.75;28,65%;16,12%;17,14%;3.38;5,54%;16,44%;0.0;49697900000.0;1.34;2,38%
CTKA4;33.15;3.44;2.16;0.265;0,00%;0.264;0.85;3.0;-1.29;8.15;6.17;44,84%;8,86%;7,72%;1.87;11,25%;62,78%;14632.1;95307000.0;3.71;6,79%
CSRN3;13.6;3.49;1.28;0.524;0,00%;0.322;6.14;2.03;-0.62;4.72;3.98;30,30%;25,85%;15,02%;1.29;17,70%;36,69%;0.0;1777000000.0;1.70;3,92%
MGEL3;25.0;3.6;2.37;0.128;0,00%;0.192;-0.43;1.82;-0.4;8.28;6.48;13,09%;7,03%;3,55%;0.5;12,15%;65,89%;0.0;60967000.0;8.43;3,19%
PTPA3;76.5;3.69;1.14;0.505;0,00%;0.375;2.28;3.63;-1.27;7.06;5.33;23,59%;13,93%;13,69%;1.79;13,27%;30,85%;0.0;1201690000.0;1.08;18,08%
JHSF3;11.73;3.76;1.07;1.979;5,81%;0.42;2.57;4.13;-2.11;5.15;4.98;63,24%;47,88%;51,79%;1.73;13,12%;28,40%;42737400.0;7505840000.0;0.26;16,87%
TBLE6;10.65;3.81;1.0;1.103;0,00%;0.256;18.44;2.53;-0.46;6.69;5.32;47,45%;43,62%;30,83%;1.09;11,59%;26,37%;0.0;15012800000.0;1.65;2,76%
BOBR3;1.0;3.83;-0.17;0.151;0,00%;0.286;-1.73;1.37;-0.13;2.06;1.83;40,32%;10,99%;3,93%;0.74;32,95%;-4,42%;0.0;-1539710000.0;-0.08;9,61%
ESCE3;172.0;3.84;0.59;0.169;0,00%;0.108;-0.87;1.13;-0.19;5.46;3.94;25,13%;14,96%;4,41%;0.65;10,63%;15,32%;0.0;1719740000.0;2.25;2,71%
PTPA4;80.0;3.86;1.19;0.528;0,00%;0.392;2.38;3.79;-1.33;7.23;5.45;23,59%;13,93%;13,69%;1.79;13,27%;30,85%;0.0;1201690000.0;1.08;18,08%
CSRN5;15.1;3.87;1.42;0.582;0,00%;0.357;6.82;2.25;-0.69;4.94;4.17;30,30%;25,85%;15,02%;1.29;17,70%;36,69%;0.0;1777000000.0;1.70;3,92%
AHEB3;23.01;3.91;0.65;0.388;0,00%;0.347;1.06;8.06;-14.49;4.09;3.44;17,63%;4,81%;9,91%;3.83;5,45%;16,64%;325.14;302080000.0;-0.32;22,64%
CPFP4;44.0;3.93;2.79;0.378;0,00%;0.279;-19.36;1.97;-0.43;4.58;3.99;25,16%;19,23%;9,62%;0.94;15,80%;70,90%;0.0;837586000.0;3.71;3,16%
BNBR3;110.0;3.94;0.65;0.0;6,30%;0.0;0.0;0.0;0.0;0.0;0.0;0,00%;0,00%;0,00%;0.0;0,00%;16,40%;17540.5;16813000000.0;0.00;7,36%
CSRN6;15.5;3.97;1.46;0.597;0,00%;0.367;7.0;2.31;-0.71;5.0;4.22;30,30%;25,85%;15,02%;1.29;17,70%;36,69%;0.0;1777000000.0;1.70;3,92%
HETA4;6.35;4.0;-0.01;0.726;0,00%;0.294;-0.7;0.81;-0.01;82.14;82.14;100,00%;89,42%;18,13%;0.2;36,48%;-0,23%;255.09;-349545000.0;-0.93;10,44%
RSUL4;40.57;4.03;0.82;0.587;6,19%;0.506;1.33;2.72;2.63;2.28;2.11;41,42%;21,60%;14,58%;2.97;24,52%;20,33%;311075.0;300899000.0;-0.13;3,73%
VINE3;17.2;4.04;0.65;0.577;0,00%;0.34;1.38;4.52;7.6;7.4;5.54;30,80%;12,76%;14,42%;1.91;8,62%;16,14%;0.0;1118520000.0;0.42;2,21%
POMO3;3.92;4.08;1.16;0.538;23,57%;0.499;1.71;3.59;13.07;4.92;4.39;24,50%;14,97%;13,26%;1.94;18,39%;28,32%;9254410.0;4240170000.0;0.43;22,36%
SOND6;72.0;4.11;2.58;0.705;22,85%;1.281;5.46;3.45;8.76;2.73;2.42;35,77%;20,42%;17,17%;1.56;51,85%;62,81%;1809.56;68585000.0;-0.54;22,65%
DAYC4;8.9;4.12;0.71;0.0;0,00%;0.0;0.0;0.0;0.0;0.0;0.0;0,00%;0,00%;0,00%;0.0;0,00%;17,33%;0.0;3009030000.0;0.00;8,15%
VINE5;17.64;4.14;0.67;0.592;0,00%;0.349;1.41;4.64;7.8;7.52;5.63;30,80%;12,76%;14,42%;1.91;8,62%;16,14%;0.0;1118520000.0;0.42;2,21%
CTKA3;40.01;4.15;2.6;0.32;0,00%;0.319;1.02;3.62;-1.55;8.77;6.64;44,84%;8,86%;7,72%;1.87;11,25%;62,78%;372.19;95307000.0;3.71;6,79%
BRSR6;15.9;4.24;0.56;0.0;9,67%;0.0;0.0;0.0;0.0;0.0;0.0;0,00%;0,00%;0,00%;0.0;0,00%;13,26%;31486600.0;11551000000.0;0.00;8,50%
BRSR5;16.01;4.27;0.57;0.0;9,84%;0.0;0.0;0.0;0.0;0.0;0.0;0,00%;0,00%;0,00%;0.0;0,00%;13,26%;1649.56;11551000000.0;0.00;8,50%
TBLE5;12.0;4.29;1.13;1.242;0,00%;0.288;20.77;2.85;-0.51;7.01;5.57;47,45%;43,62%;30,83%;1.09;11,59%;26,37%;0.0;15012800000.0;1.65;2,76%
CALI3;29.99;4.3;0.97;0.487;3,01%;0.2;0.33;4.36;1.84;7.07;6.69;30,13%;11,17%;13,08%;6.29;5,55%;22,47%;1255.4;217008000.0;0.60;41,05%
CAMB4;6.25;4.33;0.83;0.697;0,00%;0.679;1.86;4.98;2.09;3.98;3.2;49,47%;14,00%;16,11%;3.53;16,78%;19,24%;0.0;317252000.0;-0.17;0,41%
POMO4;4.18;4.35;1.23;0.574;22,11%;0.532;1.83;3.83;13.93;5.16;4.6;24,50%;14,97%;13,26%;1.94;18,39%;28,32%;73366600.0;4240170000.0;0.43;22,36%
NUTR3;2.57;4.36;0.67;0.191;0,00%;0.28;1.14;4.6;4.66;6.85;6.08;18,98%;4,16%;4,39%;1.62;7,66%;15,30%;9172.07;51076000.0;0.33;5,91%
BAZA3;69.37;4.4;0.53;0.0;17,22%;0.0;0.0;0.0;0.0;0.0;0.0;0,00%;0,00%;0,00%;0.0;0,00%;12,14%;216953.0;7274070000.0;0.00;-33,64%
AZUL3;19.41;4.41;-1.39;0.329;0,00%;0.232;-0.83;2.37;-0.24;9.04;4.66;20,74%;13,89%;7,46%;0.42;11,24%;-31,48%;2457260.0;-5154860000.0;-3.91;11,89%
SOND5;78.0;4.45;2.8;0.764;21,09%;1.388;5.92;3.74;9.49;3.02;2.68;35,77%;20,42%;17,17%;1.56;51,85%;62,81%;1646.19;68585000.0;-0.54;22,65%
EALT4;11.36;4.46;0.7;0.488;4,06%;0.4;3.13;11.7;-9.74;16.09;8.11;18,50%;4,17%;10,94%;1.49;3,65%;15,66%;62589.9;377016000.0;0.26;4,78%
PLPL3;6.7;4.47;1.22;0.386;7,36%;0.316;0.54;1.72;2.07;1.93;1.87;28,56%;22,40%;9,89%;3.01;24,26%;27,32%;15814500.0;1117620000.0;0.15;28,65%
VVEO3;0.79;4.48;0.14;0.022;0,00%;0.029;0.14;0.6;-0.1;7.46;4.09;15,31%;3,63%;0,49%;1.72;6,53%;3,12%;547418.0;1822550000.0;1.60;12,23%
SBFG3;8.17;4.5;0.59;0.225;6,63%;0.202;0.99;2.7;-1.6;6.68;3.94;48,82%;8,33%;5,01%;1.62;8,98%;13,07%;23940600.0;3203540000.0;0.87;8,18%
HBTS5;34.5;4.68;0.49;6.97;20,92%;0.188;-5.37;-5.14;-0.35;-8.09;-8.45;88,62%;-135,68%;150,58%;0.69;-3,73%;10,38%;1057.91;649149000.0;0.28;-26,88%
BGIP4;34.6;4.72;0.81;0.0;9,85%;0.0;0.0;0.0;0.0;0.0;0.0;0,00%;0,00%;0,00%;0.0;0,00%;17,22%;20689.6;983297000.0;0.00;12,78%
VCPA4;26.01;4.72;1.02;0.789;0,00%;0.353;3.76;2.01;-1.0;4.05;2.99;45,77%;39,18%;16,75%;1.46;22,95%;21,57%;0.0;14149000000.0;1.03;22,71%
VULC3;13.82;4.73;1.66;1.176;20,83%;1.063;2.54;6.76;3.86;7.66;6.33;40,95%;17,39%;24,89%;2.96;17,83%;35,06%;28417800.0;2652030000.0;0.22;12,48%
PETR4;49.12;4.75;1.32;1.154;7,42%;0.495;-23.98;2.7;-0.99;4.03;2.94;50,60%;42,76%;24,39%;0.85;19,69%;27,73%;2050300000.0;480950000000.0;0.65;-2,33%
PINE3;11.32;4.77;1.59;0.0;0,00%;0.0;0.0;0.0;0.0;0.0;0.0;0,00%;0,00%;0,00%;0.0;0,00%;33,43%;69802.6;1802640000.0;0.00;55,71%
EVEN3;4.73;4.78;0.49;0.613;19,37%;0.183;0.33;4.44;1.12;7.73;7.58;28,75%;13,78%;16,15%;4.67;4,93%;10,28%;5213830.0;1926220000.0;0.36;-11,78%
FIGE3;33.0;4.79;0.4;0.0;0,17%;0.0;0.0;0.0;0.0;0.0;0.0;0,00%;0,00%;0,00%;0.0;0,00%;8,37%;0.0;194625000.0;0.00;11,35%
MDNE3;25.76;4.8;1.17;1.028;15,06%;0.392;1.35;4.41;-2.35;4.75;4.61;37,75%;23,30%;21,40%;2.38;10,98%;24,38%;30953300.0;2296080000.0;0.09;40,13%
DOTZ3;10.49;4.87;-0.64;0.379;0,00%;0.319;2.91;1.35;-0.42;1.95;1.55;63,62%;28,08%;7,77%;1.18;28,54%;-13,20%;859489.0;-217317000.0;-0.29;26,94%
EUCA3;21.31;4.92;0.65;0.624;4,80%;0.381;1.8;3.75;-12.13;4.65;2.96;36,28%;16,64%;12,67%;2.22;11,91%;13,28%;6304.98;3020340000.0;0.16;5,85%
BRSR3;18.54;4.95;0.66;0.0;8,29%;0.0;0.0;0.0;0.0;0.0;0.0;0,00%;0,00%;0,00%;0.0;0,00%;13,26%;71621.9;11551000000.0;0.00;8,50%
ALLL11;16.5;5.0;0.42;0.426;0,00%;0.111;3.25;1.04;-0.19;4.01;3.22;45,82%;40,82%;8,66%;1.31;12,06%;8,48%;0.0;14469200000.0;1.21;15,43%
ALLL4;3.32;5.03;0.43;0.429;0,00%;0.112;3.27;1.05;-0.19;4.02;3.22;45,82%;40,82%;8,66%;1.31;12,06%;8,48%;0.0;14469200000.0;1.21;15,43%
EALT3;12.85;5.04;0.79;0.552;3,26%;0.452;3.55;13.24;-11.02;17.63;8.88;18,50%;4,17%;10,94%;1.49;3,65%;15,66%;2579.49;377016000.0;0.26;4,78%
TECN3;10.25;5.06;1.23;1.259;4,14%;0.884;1.8;6.36;2.33;6.49;7.31;55,10%;19,80%;24,88%;3.93;15,64%;24,27%;565218.0;502364000.0;0.03;9,50%
MTBR3;0.99;5.07;0.76;0.121;0,00%;0.144;-2.01;1.32;-0.82;1.64;1.35;17,95%;9,17%;2,41%;0.9;24,57%;14,89%;0.0;1968620000.0;0.18;3,67%
MLAS3;1.88;5.09;0.48;0.38;2,68%;0.287;0.75;9.64;0.91;7.1;5.28;28,37%;3,94%;7,46%;2.15;4,77%;9,38%;4165110.0;3231060000.0;-0.13;-2,81%
EUCA4;22.26;5.14;0.68;0.651;5,05%;0.398;1.88;3.91;-12.67;4.82;3.07;36,28%;16,64%;12,67%;2.22;11,91%;13,28%;1559490.0;3020340000.0;0.16;5,85%
PETR3;53.87;5.21;1.44;1.266;6,77%;0.543;-26.3;2.96;-1.08;4.29;3.13;50,60%;42,76%;24,39%;0.85;19,69%;27,73%;548115000.0;480950000000.0;0.65;-2,33%
PINE4;12.53;5.28;1.76;0.0;7,52%;0.0;0.0;0.0;0.0;0.0;0.0;0,00%;0,00%;0,00%;0.0;0,00%;33,43%;11460400.0;1802640000.0;0.00;55,71%
MELK3;3.06;5.32;0.58;0.551;13,62%;0.218;0.53;4.72;1.77;8.51;8.15;24,18%;11,68%;14,41%;2.39;5,41%;10,91%;1225630.0;1086360000.0;0.47;5,52%
HOOT4;7.6;5.36;-16.57;0.664;0,00%;0.254;-9.12;2.33;-0.3;1.35;1.12;65,59%;28,54%;12,39%;0.9;12,34%;-309,11%;28153.1;-8428000.0;6.93;28,11%
MTBR4;1.05;5.38;0.8;0.129;0,00%;0.153;-2.13;1.4;-0.87;1.72;1.42;17,95%;9,17%;2,41%;0.9;24,57%;14,89%;0.0;1968620000.0;0.18;3,67%
CAMB3;7.81;5.41;1.04;0.872;15,16%;0.849;2.32;6.22;2.61;5.23;4.2;49,47%;14,00%;16,11%;3.53;16,78%;19,24%;192259.0;317252000.0;-0.17;0,41%
CEAB3;10.03;5.5;0.81;0.386;5,20%;0.354;1.83;3.18;-4.29;3.35;2.44;56,22%;12,12%;7,02%;1.67;14,93%;14,79%;86662100.0;3803110000.0;0.04;8,55%
FIGE4;38.01;5.52;0.46;0.0;0,17%;0.0;0.0;0.0;0.0;0.0;0.0;0,00%;0,00%;0,00%;0.0;0,00%;8,37%;0.0;194625000.0;0.00;11,35%
FRAS4;5.79;5.54;0.64;0.299;0,00%;0.231;0.81;2.11;-1.56;3.68;2.75;33,34%;14,17%;5,43%;2.41;15,27%;11,62%;0.0;2520240000.0;0.48;18,27%
MTRE3;3.44;5.54;0.35;0.326;10,44%;0.151;0.29;3.22;0.59;7.72;6.5;27,86%;10,13%;8,88%;2.74;5,30%;6,40%;2147330.0;1025180000.0;0.50;15,40%
EQMA3B;29.44;5.64;0.98;0.645;2,81%;0.41;5.13;2.76;-1.14;5.01;4.06;31,53%;23,34%;11,44%;1.56;16,32%;17,35%;10868.1;4940330000.0;0.79;9,05%
BPIA3;6.1;5.64;1.06;0.0;0,00%;0.0;0.0;0.0;0.0;0.0;0.0;0,00%;0,00%;0,00%;0.0;0,00%;18,84%;0.0;77395000.0;0.00;13,41%
DSUL3;7.95;5.65;0.97;0.879;0,00%;0.721;1.93;2.37;2.7;1.27;1.27;56,85%;37,13%;16,02%;3.5;48,91%;17,25%;0.0;236447000.0;-0.45;36,69%
CYRE4;25.62;5.7;1.04;1.177;0,00%;0.419;1.04;7.07;18.21;9.99;8.99;33,08%;16,65%;17,02%;3.37;7,03%;18,26%;9303640.0;11168000000.0;0.43;18,66%
TEND3;27.01;5.72;2.15;0.691;5,41%;0.467;1.69;3.97;-2.1;4.33;3.97;32,34%;17,40%;11,58%;1.96;14,39%;37,61%;113582000.0;1539020000.0;0.20;18,39%
RNPT4;31.81;5.74;0.39;0.467;0,00%;0.379;57.01;56.1;57.01;56.05;56.05;46,34%;0,83%;8,13%;1.38;0,68%;6,72%;0.0;63944000.0;0.00;4,85%
RNPT3;31.87;5.75;0.39;0.468;0,00%;0.38;57.12;56.21;57.12;56.15;56.15;46,34%;0,83%;8,13%;1.38;0,68%;6,72%;0.0;63944000.0;0.00;4,85%
LOGG3;24.88;5.84;0.62;8.28;27,63%;0.321;7.2;11.41;-1.27;20.28;19.68;96,48%;72,60%;145,00%;1.25;3,04%;10,63%;12512300.0;3519570000.0;0.48;8,32%
OFSA3;25.75;5.88;1.68;1.017;5,01%;0.86;1.74;4.88;4.35;5.36;4.71;52,02%;20,84%;17,29%;3.61;25,89%;28,55%;153427.0;826937000.0;0.17;8,47%
JBSS3;39.03;5.9;0.85;0.07;0,00%;0.144;1.06;1.98;-0.34;7.46;4.24;11,82%;3,55%;1,32%;1.54;9,44%;14,46%;0.0;39750100000.0;2.36;7,64%
LAVV3;10.93;5.92;1.47;1.178;22,22%;0.429;0.67;6.22;2.2;7.78;7.42;33,97%;18,94%;23,38%;4.12;8,69%;24,90%;6246630.0;1450080000.0;0.37;39,66%
GRND3;3.8;5.92;1.07;1.343;39,16%;0.897;2.48;13.36;2.53;11.97;9.13;44,55%;10,06%;22,71%;3.36;7,81%;18,04%;12015000.0;3211210000.0;-0.11;1,48%
PFRM3;7.41;5.94;0.64;0.073;8,70%;0.115;0.59;2.2;-1.57;4.25;2.81;15,14%;3,34%;1,29%;1.37;8,99%;10,71%;910036.0;1442850000.0;0.59;15,43%
MNPR3;3.68;5.99;1.16;0.578;3,53%;0.564;1.4;4.1;8.8;2.27;1.9;25,21%;14,11%;10,79%;3.32;20,04%;19,33%;56666.3;225880000.0;-0.52;5,93%
COCE3;29.41;6.01;0.45;0.262;0,81%;0.145;-0.96;1.5;-0.3;5.48;4.1;20,47%;17,46%;4,36%;0.56;11,01%;7,54%;2955.28;5601290000.0;1.20;1,68%
ALLL3;3.97;6.01;0.51;0.513;0,00%;0.134;3.91;1.26;-0.23;4.23;3.39;45,82%;40,82%;8,66%;1.31;12,06%;8,48%;0.0;14469200000.0;1.21;15,43%
CYRE3;27.18;6.04;1.1;1.249;8,51%;0.444;1.1;7.5;19.32;10.42;9.38;33,08%;16,65%;17,02%;3.37;7,03%;18,26%;193678000.0;11168000000.0;0.43;18,66%
TIET11;17.44;6.09;3.13;3.01;0,00%;0.638;1434.52;5.02;-1.05;8.78;6.62;74,66%;59,93%;49,91%;1.0;13,97%;51,45%;0.0;2222740000.0;2.34;7,76%
TIET3;3.49;6.09;3.13;3.012;0,00%;0.638;1435.34;5.03;-1.05;8.78;6.63;74,66%;59,93%;49,91%;1.0;13,97%;51,45%;0.0;2222740000.0;2.34;7,76%
TIET4;3.51;6.13;3.15;3.029;0,00%;0.642;1443.57;5.06;-1.05;8.81;6.65;74,66%;59,93%;49,91%;1.0;13,97%;51,45%;0.0;2222740000.0;2.34;7,76%
ELPL6;30.2;6.13;0.77;0.255;0,00%;0.178;-3.69;1.83;-0.34;5.64;4.23;19,52%;13,92%;4,16%;0.84;11,03%;12,56%;0.0;7746800000.0;1.60;3,35%
BOBR4;1.6;6.13;-0.27;0.241;0,00%;0.458;-2.77;2.19;-0.21;2.88;2.55;40,32%;10,99%;3,93%;0.74;32,95%;-4,42%;34824.5;-1539710000.0;-0.08;9,61%
SHUL4;4.46;6.14;1.02;0.854;14,15%;0.513;1.34;27.34;3.18;24.24;8.63;21,20%;3,12%;13,90%;2.4;3,18%;16,58%;2425510.0;1566070000.0;-0.12;-0,42%
DIRR3;10.11;6.15;2.26;1.09;15,33%;0.36;0.98;4.4;-1.08;4.89;4.55;40,35%;24,80%;22,59%;4.17;9,99%;36,78%;107765000.0;2326860000.0;0.25;25,62%
VULC4;18.0;6.16;2.16;1.532;0,00%;1.385;3.3;8.81;5.03;9.7;8.03;40,95%;17,39%;24,89%;2.96;17,83%;35,06%;0.0;2652030000.0;0.22;12,48%
TRIS3;5.01;6.18;0.77;0.766;17,76%;0.371;0.62;6.28;1.25;8.65;7.34;27,54%;12,20%;12,67%;3.79;6,96%;12,42%;1355240.0;1524240000.0;0.29;20,03%
ELPL5;30.5;6.19;0.78;0.257;0,00%;0.18;-3.73;1.85;-0.35;5.66;4.25;19,52%;13,92%;4,16%;0.84;11,03%;12,56%;0.0;7746800000.0;1.60;3,35%
VLID3;17.51;6.19;0.82;0.691;10,90%;0.471;1.81;3.98;11.68;4.39;3.22;35,19%;17,33%;11,53%;2.3;15,68%;13,18%;3773860.0;1713420000.0;0.08;-0,48%
CSED3;5.27;6.2;1.15;0.657;9,21%;0.399;4.81;3.41;-1.0;4.28;2.87;51,28%;19,25%;10,59%;1.49;14,88%;18,50%;1789260.0;1675800000.0;0.29;11,07%
DEXP3;7.42;6.27;0.84;0.512;6,69%;0.542;1.15;8.39;1.81;7.67;5.8;17,29%;6,10%;8,16%;3.63;8,81%;13,35%;519372.0;1089820000.0;-0.07;-2,29%
RECV3;10.67;6.27;0.71;1.05;15,98%;0.347;2.19;4.32;-1.29;6.45;3.29;32,07%;24,30%;16,73%;2.91;10,15%;11,26%;22487600.0;4433510000.0;0.35;10,38%
DEXP4;7.43;6.28;0.84;0.512;6,85%;0.543;1.15;8.4;1.81;7.68;5.81;17,29%;6,10%;8,16%;3.63;8,81%;13,35%;27457.2;1089820000.0;-0.07;-2,29%
BALM4;14.5;6.28;0.85;0.692;33,24%;0.487;1.05;3.87;1.66;2.71;2.33;63,85%;17,88%;12,39%;2.69;17,40%;13,47%;14026.2;167894000.0;-0.25;10,08%
LUXM4;3.09;6.3;0.73;0.813;4,43%;0.526;5.06;5.02;-9.58;4.55;2.49;30,33%;16,19%;12,91%;1.84;12,19%;11,62%;20237.8;175397000.0;-0.07;3,15%
WIZC3;7.88;6.35;1.7;0.989;7,98%;0.523;21.23;2.03;-2.9;2.01;1.71;60,14%;48,61%;27,19%;1.1;32,81%;26,78%;2559840.0;740937000.0;-0.02;12,26%
VSTE3;2.67;6.44;0.28;0.235;1,90%;0.179;1.74;2.5;-3.94;4.63;1.88;64,93%;9,38%;3,65%;1.48;7,94%;4,36%;148777.0;1089030000.0;0.24;5,50%
COCE5;31.55;6.44;0.49;0.281;4,70%;0.155;-1.03;1.61;-0.32;5.58;4.18;20,47%;17,46%;4,36%;0.56;11,01%;7,54%;177660.0;5601290000.0;1.20;1,68%
SEER3;13.66;6.47;1.15;0.767;6,46%;0.523;4.31;3.37;-2.23;4.15;2.9;59,96%;22,73%;11,85%;1.64;17,04%;17,83%;15513900.0;1523700000.0;0.26;10,07%
CSUD3;15.42;6.57;1.31;0.974;15,26%;0.783;14.73;6.25;-9.44;6.91;4.22;42,08%;15,58%;14,84%;1.2;14,77%;19,98%;639013.0;491118000.0;0.14;5,87%
CLSC3;149.99;6.61;1.37;0.462;6,81%;0.386;5.59;4.92;-0.98;9.32;6.93;16,17%;9,39%;6,99%;1.27;8,73%;20,70%;17322.0;4228180000.0;1.22;2,82%
ABCB4;25.88;6.61;0.93;0.0;10,07%;0.0;0.0;0.0;0.0;0.0;0.0;0,00%;0,00%;0,00%;0.0;0,00%;14,05%;12641500.0;7258910000.0;0.00;7,57%
BMGB4;6.38;6.62;0.96;0.0;8,03%;0.0;0.0;0.0;0.0;0.0;0.0;0,00%;0,00%;0,00%;0.0;0,00%;14,47%;7287410.0;4319050000.0;0.00;7,48%
CIQU3;12.49;6.63;1.05;0.413;0,00%;0.515;3.33;4.25;7.55;7.5;5.23;26,16%;9,72%;6,22%;1.36;12,70%;15,87%;0.0;296175000.0;0.81;16,23%
CIQU4;12.49;6.63;1.05;0.413;0,00%;0.515;3.33;4.25;7.55;7.5;5.23;26,16%;9,72%;6,22%;1.36;12,70%;15,87%;0.0;296175000.0;0.81;16,23%
LEVE3;34.14;6.64;4.8;0.863;8,35%;1.199;6.44;4.94;-9.5;6.12;5.39;27,49%;17,47%;13,01%;1.43;34,45%;72,29%;8136180.0;964164000.0;1.14;8,58%
BGIP3;48.76;6.65;1.14;0.0;6,35%;0.0;0.0;0.0;0.0;0.0;0.0;0,00%;0,00%;0,00%;0.0;0,00%;17,22%;16779.5;983297000.0;0.00;12,78%
TELB4;9.05;6.71;0.55;1.694;0,00%;0.213;0.41;-3.12;-5.05;2.36;19.75;-28,91%;-54,28%;25,25%;10.6;-11,53%;8,14%;53422.2;1691040000.0;-0.96;13,97%
LPSB3;1.34;6.77;0.82;0.953;16,58%;0.512;5.46;5.14;-3.74;3.67;2.41;74,68%;18,55%;19,55%;1.57;11,88%;12,08%;216948.0;241922000.0;-0.23;0,99%
COGN3;2.32;6.82;0.35;0.612;5,11%;0.195;2.0;2.15;-0.84;4.52;3.4;65,20%;28,38%;8,63%;1.88;10,24%;5,11%;72301200.0;13733200000.0;0.38;12,35%
SUZB3;44.2;6.84;1.12;1.168;0,01%;0.327;1.69;7.25;-0.75;15.86;6.24;28,65%;16,12%;17,14%;3.38;5,54%;16,44%;295603000.0;49697900000.0;1.34;2,38%
ISAE4;27.59;6.89;0.88;1.818;6,28%;0.388;3.34;4.2;-0.96;7.66;7.6;45,82%;43,28%;26,95%;5.28;9,63%;12,71%;102533000.0;22159400000.0;0.72;16,96%
SANB4;14.27;6.91;1.08;0.0;8,47%;0.0;0.0;0.0;0.0;0.0;0.0;0,00%;0,00%;0,00%;0.0;0,00%;15,69%;5900530.0;98731800000.0;0.00;9,09%
BBDC3;16.22;6.94;0.98;0.0;7,05%;0.0;0.0;0.0;0.0;0.0;0.0;0,00%;0,00%;0,00%;0.0;0,00%;14,13%;114851000.0;175230000000.0;0.00;9,19%
CMIG4;11.16;6.95;1.09;0.73;9,15%;0.451;14.15;5.31;-1.23;8.52;6.72;15,80%;13,74%;10,51%;1.17;9,30%;15,75%;168376000.0;29181600000.0;0.66;6,06%
SANB11;28.75;6.96;1.09;0.0;8,03%;0.0;0.0;0.0;0.0;0.0;0.0;0,00%;0,00%;0,00%;0.0;0,00%;15,69%;137993000.0;98731800000.0;0.00;9,09%
SANB3;14.4;6.97;1.09;0.0;7,63%;0.0;0.0;0.0;0.0;0.0;0.0;0,00%;0,00%;0,00%;0.0;0,00%;15,69%;5176090.0;98731800000.0;0.00;9,09%
CEEB5;40.0;7.03;1.26;0.541;15,83%;0.276;8.4;2.33;-0.47;6.67;5.35;28,41%;23,20%;7,70%;1.2;12,96%;17,94%;197.67;8315000000.0;2.35;7,31%
BEES3;9.13;7.12;1.27;0.0;8,60%;0.0;0.0;0.0;0.0;0.0;0.0;0,00%;0,00%;0,00%;0.0;0,00%;17,80%;98745.4;2504740000.0;0.00;8,50%
COCE6;35.0;7.15;0.54;0.312;0,00%;0.172;-1.15;1.79;-0.35;5.76;4.31;20,47%;17,46%;4,36%;0.56;11,01%;7,54%;0.0;5601290000.0;1.20;1,68%
CALI4;50.0;7.17;1.61;0.812;0,00%;0.333;0.55;7.27;3.07;9.98;9.44;30,13%;11,17%;13,08%;6.29;5,55%;22,47%;0.0;217008000.0;0.60;41,05%
ETER3;3.54;7.17;0.26;0.191;4,82%;0.153;1.25;27.98;-9.09;48.6;6.71;18,43%;0,68%;2,67%;1.45;0,60%;3,61%;250160.0;844344000.0;0.19;0,36%
GMAT3;5.08;7.2;1.05;0.288;0,95%;0.465;2.1;6.19;43.67;6.76;5.02;22,50%;4,66%;4,00%;1.74;10,10%;14,52%;23744400.0;11184600000.0;0.10;20,98%
VITT3;3.07;7.21;0.8;0.591;7,17%;0.527;1.65;8.93;2.13;11.13;7.63;29,34%;6,61%;8,16%;2.17;6,86%;11,10%;709706.0;604492000.0;0.20;-0,62%
REDE4;2.9;7.25;1.16;0.369;0,00%;0.208;1.91;1.87;-0.38;6.25;4.93;25,16%;19,76%;6,51%;1.73;12,75%;15,96%;0.0;6441800000.0;2.71;6,36%
CLSC4;164.55;7.25;1.5;0.507;6,83%;0.424;6.13;5.4;-1.07;9.8;7.29;16,17%;9,39%;6,99%;1.27;8,73%;20,70%;792431.0;4228180000.0;1.22;2,82%
SMTO3;17.76;7.28;0.8;0.831;1,22%;0.247;1.02;5.07;-0.73;11.08;3.71;25,80%;16,41%;11,43%;3.16;6,36%;11,00%;37446300.0;7375590000.0;0.95;4,67%
BEES4;9.35;7.29;1.3;0.0;8,40%;0.0;0.0;0.0;0.0;0.0;0.0;0,00%;0,00%;0,00%;0.0;0,00%;17,80%;24362.5;2504740000.0;0.00;8,50%
EZTC3;14.01;7.32;0.74;2.703;7,14%;0.519;1.69;13.38;3.15;13.38;12.4;41,28%;20,20%;38,23%;3.06;5,14%;10,15%;39469700.0;5232250000.0;0.00;12,15%
BMIN3;19.5;7.35;0.63;0.0;2,62%;0.0;0.0;0.0;0.0;0.0;0.0;0,00%;0,00%;0,00%;0.0;0,00%;8,56%;181.4;149499000.0;0.00;-10,24%
WLMM4;15.85;7.37;0.71;0.2;12,38%;0.361;1.26;4.17;8.21;7.05;6.64;13,64%;4,81%;2,69%;2.13;9,64%;9,63%;56609.3;813421000.0;0.49;16,50%
ROMI3;5.95;7.39;0.44;0.429;8,74%;0.207;0.63;9.13;2.83;18.69;8.47;27,17%;4,70%;5,88%;2.19;2,77%;6,01%;1227680.0;1249000000.0;0.47;-3,85%
BMEB3;49.48;7.48;1.96;0.0;5,92%;0.0;0.0;0.0;0.0;0.0;0.0;0,00%;0,00%;0,00%;0.0;0,00%;26,21%;322698.0;3122950000.0;0.00;22,44%
ALUP4;10.5;7.49;1.08;2.073;3,43%;0.293;1.72;3.42;-0.78;6.55;6.13;65,85%;60,68%;40,21%;3.17;10,21%;14,38%;140428.0;9640550000.0;0.99;4,28%
MNPR4;4.63;7.53;1.46;0.728;0,00%;0.709;1.76;5.16;11.08;3.33;2.79;25,21%;14,11%;10,79%;3.32;20,04%;19,33%;0.0;225880000.0;-0.52;5,93%
GETT4;2.4;7.55;1.24;1.336;0,00%;0.081;3.13;6.04;3.36;6.86;4.78;41,43%;22,13%;17,66%;1.03;1,36%;16,41%;0.0;3618060000.0;0.17;0,00%
GETT3;2.4;7.55;1.24;1.336;0,00%;0.081;3.13;6.04;3.36;6.86;4.78;41,43%;22,13%;17,66%;1.03;1,36%;16,41%;0.0;3618060000.0;0.17;0,00%
PGMN3;3.45;7.6;0.73;0.16;6,84%;0.254;1.01;2.65;-3.38;4.2;2.66;32,30%;6,04%;2,10%;1.78;12,78%;9,61%;21669200.0;3417800000.0;0.43;17,60%
HBRE3;2.69;7.61;0.16;0.499;43,32%;0.057;-3.17;0.76;-0.15;4.99;4.9;39,75%;65,76%;19,80%;0.81;7,79%;2,05%;1350710.0;1783260000.0;0.87;39,75%
DPPI4;38.9;7.62;2.28;-0.665;0,00%;1.718;3.98;87.28;4.46;73.74;73.74;1,90%;-0,76%;-5,04%;3.14;3,00%;29,97%;0.0;545227000.0;-0.35;15,14%
CCTU4;37.28;7.65;0.92;0.307;0,00%;0.405;2.29;14.56;-28.32;21.77;21.77;25,10%;2,10%;4,00%;1.48;2,96%;12,07%;0.0;82550000.0;0.46;12,54%
ENBR3;24.08;7.67;1.19;0.682;0,00%;0.35;4.83;3.66;-0.85;6.43;4.93;25,33%;18,63%;10,28%;1.37;10,90%;15,57%;0.0;11723900000.0;0.90;2,21%
BMIN4;20.45;7.71;0.66;0.0;6,85%;0.0;0.0;0.0;0.0;0.0;0.0;0,00%;0,00%;0,00%;0.0;0,00%;8,56%;1958.7;149499000.0;0.00;-10,24%
ALUP11;32.53;7.73;1.11;2.14;3,32%;0.302;1.78;3.53;-0.81;6.66;6.23;65,85%;60,68%;40,21%;3.17;10,21%;14,38%;36213800.0;9640550000.0;0.99;4,28%
WLMM3;16.65;7.74;0.75;0.211;10,71%;0.379;1.32;4.38;8.62;7.26;6.83;13,64%;4,81%;2,69%;2.13;9,64%;9,63%;1120.14;813421000.0;0.49;16,50%
CURY3;27.74;7.78;5.16;1.392;15,01%;1.361;4.91;5.28;-14.47;5.1;4.99;39,69%;26,37%;20,24%;1.92;37,72%;66,38%;124822000.0;1655020000.0;-0.18;33,04%
INTB3;14.17;7.78;1.41;1.02;8,92%;0.836;1.82;8.47;2.47;7.43;6.13;31,35%;12,04%;13,12%;2.64;17,52%;18,07%;17089200.0;3302550000.0;-0.17;5,91%
LREN3;11.6;7.82;1.13;0.731;7,93%;0.611;2.53;3.18;4.6;2.86;2.12;61,99%;23,02%;9,35%;1.69;23,53%;14,41%;225670000.0;10367800000.0;-0.11;6,18%
EQPA3;5.57;7.84;2.34;0.964;9,82%;0.615;4.7;4.14;-1.46;6.3;5.21;28,70%;23,28%;12,29%;1.71;18,18%;29,89%;72536.3;5251780000.0;1.22;9,63%
ANIM3;2.99;7.85;0.5;0.291;2,60%;0.114;1.33;0.96;-0.25;4.3;3.24;63,39%;30,31%;6,87%;1.49;14,60%;6,36%;20088300.0;2417360000.0;1.74;4,36%
BBDC4;18.51;7.92;1.12;0.0;6,80%;0.0;0.0;0.0;0.0;0.0;0.0;0,00%;0,00%;0,00%;0.0;0,00%;14,13%;696680000.0;175230000000.0;0.00;9,19%
WSON33;67.0;8.07;0.98;1.067;0,00%;0.4;13.41;2.42;-0.89;5.08;5.08;52,58%;44,14%;13,58%;1.26;18,36%;12,17%;0.0;2148530000.0;1.08;5,23%
CEEB3;46.0;8.08;1.45;0.622;13,77%;0.318;9.66;2.68;-0.54;7.02;5.63;28,41%;23,20%;7,70%;1.2;12,96%;17,94%;26102.7;8315000000.0;2.35;7,31%
CMET4;3.91;8.1;5.38;3.068;0,00%;3.136;9.47;5.72;27.2;5.34;5.34;59,96%;53,63%;43,03%;2.64;81,40%;66,40%;0.0;2847970000.0;-0.36;30,18%
RDTR3;6.3;8.11;1.37;0.0;0,00%;1.32;0.0;-1919.75;0.0;-1897.05;-219.41;0,00%;0,00%;0,00%;0.0;0,00%;16,95%;0.0;497092000.0;-0.02;0,00%
CGRA4;23.16;8.12;0.63;0.801;22,94%;0.463;1.67;6.89;2.92;4.9;3.93;54,10%;11,61%;9,86%;2.83;8,41%;7,81%;110470.0;929827000.0;-0.18;2,75%
CGRA3;23.3;8.17;0.64;0.805;22,81%;0.466;1.68;6.94;2.93;4.94;3.96;54,10%;11,61%;9,86%;2.83;8,41%;7,81%;30158.1;929827000.0;-0.18;2,75%
ALUP3;11.5;8.2;1.18;2.27;3,13%;0.321;1.89;3.74;-0.86;6.87;6.43;65,85%;60,68%;40,21%;3.17;10,21%;14,38%;99701.4;9640550000.0;0.99;4,28%
BBSE3;39.18;8.28;6.98;0.0;11,88%;3.469;0.0;7.63;0.0;0.0;0.0;0,00%;0,00%;0,00%;0.0;0,00%;84,38%;254080000.0;10890300000.0;0.00;0,00%
BRML3;8.26;8.28;0.62;4.134;0,00%;0.359;4.8;5.97;-1.14;7.61;7.08;88,58%;69,29%;54,42%;4.39;6,57%;7,45%;0.0;10979100000.0;0.17;6,70%
MILS3;15.9;8.3;1.98;1.952;5,33%;0.883;4.09;5.32;-3.88;7.07;4.91;61,63%;36,67%;23,54%;2.98;20,65%;23,81%;10430400.0;1885980000.0;0.65;19,88%
PSSA3;47.29;8.3;1.9;0.717;6,34%;0.519;3.81;0.87;-4.67;0.46;0.45;100,00%;82,63%;8,72%;1.29;79,28%;22,84%;85042500.0;16126400000.0;-0.90;14,34%
AESL3;10081.9;8.33;1.65;0.892;0,00%;0.471;4.77;4.34;-1.09;7.62;7.62;26,78%;20,56%;10,72%;1.54;12,69%;19,82%;0.0;6876330000.0;1.25;7,60%
AESL4;10081.9;8.33;1.65;0.892;0,00%;0.471;4.77;4.34;-1.09;7.62;7.62;26,78%;20,56%;10,72%;1.54;12,69%;19,82%;0.0;6876330000.0;1.25;7,60%
KEPL3;6.51;8.37;1.47;0.813;4,43%;0.79;2.38;8.86;4.16;8.76;6.67;23,05%;9,18%;9,71%;2.04;12,97%;17,52%;8121550.0;797669000.0;-0.02;-1,75%
AGIN3;5.29;8.46;1.23;1.816;0,00%;0.565;1.29;10.92;3.55;14.68;14.68;34,41%;16,63%;21,83%;2.72;5,59%;14,56%;0.0;1028210000.0;0.42;44,17%
AELP3;1.93;8.49;-200.57;-0.062;0,00%;5.216;0.0;-12.58;0.0;-11.94;-11.98;0,49%;0,49%;-0,73%;0.0;0,00%;-2.363,83%;0.0;-904000.0;10.10;1,18%
ISAE3;34.08;8.51;1.08;2.245;5,09%;0.48;4.13;5.19;-1.18;8.64;8.58;45,82%;43,28%;26,95%;5.28;9,63%;12,71%;121493.0;22159400000.0;0.72;16,96%
RPAD6;7.5;8.52;0.61;0.0;0,00%;0.601;4.81;-361.27;5.08;-286.1;-286.1;0,00%;0,00%;0,00%;36.62;-0,19%;7,13%;2782.33;1046150000.0;-0.13;0,00%
RPAD3;7.5;8.52;0.61;0.0;0,00%;0.601;4.81;-361.27;5.08;-286.1;-286.1;0,00%;0,00%;0,00%;36.62;-0,19%;7,13%;2965.05;1046150000.0;-0.13;0,00%
CPSL3;38.02;8.56;3.49;0.787;0,00%;2.043;7.39;5.79;11.84;5.48;5.48;16,68%;13,59%;9,20%;1.89;57,15%;40,82%;0.0;1634730000.0;-0.19;16,21%
MDIA3;16.39;8.56;0.65;0.533;5,83%;0.425;1.49;7.11;3.58;6.28;4.1;32,67%;7,49%;6,23%;2.55;8,32%;7,65%;13051300.0;8486070000.0;-0.08;2,37%
BEEF3;3.94;8.6;2.5;0.069;4,96%;0.084;0.44;1.04;-0.26;4.83;3.81;16,83%;6,63%;0,85%;1.43;16,55%;29,04%;74639000.0;1579090000.0;9.10;18,30%
LEVE4;44.49;8.65;6.25;1.125;0,00%;1.562;8.39;6.44;-12.38;7.61;6.71;27,49%;17,47%;13,01%;1.43;34,45%;72,29%;0.0;964164000.0;1.14;8,58%
TTEN3;10.2;8.68;1.02;0.28;1,78%;0.353;2.21;13.07;-7.31;22.53;16.45;14,76%;2,14%;3,16%;1.36;4,00%;11,76%;22091800.0;5000520000.0;0.74;32,47%
TAEE3;13.7;8.71;1.75;3.157;7,31%;0.624;6.65;5.81;-1.22;10.08;9.74;60,76%;54,38%;36,25%;3.48;11,11%;20,14%;1496460.0;8070920000.0;1.29;13,01%
BMGB11;33.6;8.71;1.26;0.0;0,00%;0.0;0.0;0.0;0.0;0.0;0.0;0,00%;0,00%;0,00%;0.0;0,00%;14,47%;0.0;4319050000.0;0.00;7,48%
TMGC12;550.0;8.71;1.12;0.8;0,00%;0.77;4.66;12.27;8.22;10.94;10.94;37,76%;6,52%;9,18%;1.69;8,73%;12,83%;0.0;1167010000.0;-0.12;10,49%
MOTV3;16.75;8.73;1.91;1.8;5,56%;0.428;2.86;4.28;-1.0;8.43;7.01;47,88%;42,10%;21,89%;1.77;11,72%;21,85%;210425000.0;17744000000.0;1.85;4,24%
CPFE3;45.51;8.73;2.31;1.15;8,20%;0.628;-37.35;4.44;-1.23;6.78;5.74;32,06%;25,89%;13,79%;0.92;15,57%;26,43%;78124200.0;22717200000.0;1.21;3,28%
ACES4;94.73;8.74;2.27;1.683;0,00%;1.43;6.37;7.16;20.65;6.5;6.5;32,82%;23,52%;19,27%;2.05;26,90%;25,95%;0.0;3105800000.0;-0.21;13,34%
UGPA4;27.1;8.75;1.68;0.197;0,00%;0.584;3.29;3.96;-3.65;5.31;4.31;8,39%;4,99%;2,36%;1.64;21,50%;19,25%;0.0;17958400000.0;0.57;4,26%
ACES3;95.27;8.79;2.28;1.693;0,00%;1.438;6.4;7.2;20.77;6.54;6.54;32,82%;23,52%;19,27%;2.05;26,90%;25,95%;0.0;3105800000.0;-0.21;13,34%
VBBR3;37.16;8.81;1.89;0.218;5,18%;0.676;3.15;5.32;-3.18;7.25;6.34;6,45%;4,11%;2,48%;2.01;16,06%;21,49%;369455000.0;23532000000.0;0.69;5,44%
TAEE4;13.93;8.86;1.78;3.21;7,19%;0.634;6.76;5.9;-1.24;10.17;9.83;60,76%;54,38%;36,25%;3.48;11,11%;20,14%;2988740.0;8070920000.0;1.29;13,01%
TAEE11;41.81;8.86;1.78;3.212;7,19%;0.634;6.77;5.91;-1.24;10.18;9.84;60,76%;54,38%;36,25%;3.48;11,11%;20,14%;77740300.0;8070920000.0;1.29;13,01%
CIEL3;5.83;8.88;1.35;2.841;0,00%;0.138;1.03;-55.16;4.0;-82.47;112.63;33,74%;-5,15%;31,99%;1.17;-1,02%;15,24%;0.0;11700600000.0;0.67;1,08%
CZRS4;2.49;8.89;0.3;0.0;0,00%;0.0;0.0;0.0;0.0;0.0;0.0;0,00%;0,00%;0,00%;0.0;0,00%;3,34%;0.0;1145670000.0;0.00;14,44%
AFLU5;5.03;8.93;2.14;2.911;0,00%;1.875;9.63;8.32;11.92;7.38;7.05;37,73%;34,98%;32,59%;3.27;31,18%;23,93%;0.0;44270000.0;-0.24;8,61%
NEOE3;33.8;8.96;1.09;0.77;2,64%;0.338;7.1;3.46;-0.7;7.82;6.21;27,36%;22,23%;8,64%;1.3;10,79%;12,15%;0.0;37713000000.0;1.37;4,78%
VIVO3;65.79;8.99;2.69;1.366;0,00%;1.175;-29.21;6.21;-4.74;6.65;6.65;54,05%;22,01%;15,20%;0.89;23,92%;29,88%;0.0;9816290000.0;0.19;13,06%
FIQE3;5.04;8.99;1.65;1.543;12,49%;0.636;4.3;5.81;-1.99;6.87;3.64;50,92%;26,54%;17,25%;1.99;14,31%;18,40%;4481190.0;1215680000.0;0.30;21,55%
MRSA6B;34.5;9.0;1.27;1.535;3,34%;0.451;3.77;4.1;-1.07;6.08;4.24;46,86%;37,46%;17,05%;2.13;13,81%;14,14%;321.61;9156460000.0;0.62;11,48%
CNFB4;5.99;9.01;1.57;1.511;0,00%;0.872;3.47;8.27;53.95;10.05;7.85;30,72%;18,27%;16,77%;2.2;12,01%;17,39%;0.0;1552470000.0;0.34;-10,61%
ITSA4;14.6;9.01;1.75;19.318;7,72%;1.367;21.76;380.74;-26.69;390.25;96.61;25,72%;5,07%;215,08%;2.0;0,38%;19,36%;327345000.0;93790000000.0;0.04;-0,05%
BMEB4;59.65;9.02;2.36;0.0;5,40%;0.0;0.0;0.0;0.0;0.0;0.0;0,00%;0,00%;0,00%;0.0;0,00%;26,21%;1833870.0;3122950000.0;0.00;22,44%
RPAD5;8.0;9.09;0.65;0.0;7,14%;0.641;5.13;-385.36;5.41;-310.18;-310.18;0,00%;0,00%;0,00%;36.62;-0,19%;7,13%;3998.98;1046150000.0;-0.13;0,00%
ITSA3;14.77;9.12;1.77;19.543;7,64%;1.383;22.01;385.18;-27.0;394.68;97.7;25,72%;5,07%;215,08%;2.0;0,38%;19,36%;1839050.0;93790000000.0;0.04;-0,05%
BBAS3;23.07;9.13;0.73;0.0;2,99%;0.0;0.0;0.0;0.0;0.0;0.0;0,00%;0,00%;0,00%;0.0;0,00%;7,99%;707915000.0;181333000000.0;0.00;-9,61%
AFLU3;5.15;9.15;2.19;2.981;0,00%;1.919;9.86;8.52;12.21;7.57;7.24;37,73%;34,98%;32,59%;3.27;31,18%;23,93%;0.0;44270000.0;-0.24;8,61%
EQPA6;6.59;9.27;2.77;1.14;8,30%;0.728;5.56;4.9;-1.72;7.06;5.84;28,70%;23,28%;12,29%;1.71;18,18%;29,89%;0.0;5251780000.0;1.22;9,63%
EKTR4;36.74;9.31;3.27;0.688;7,33%;0.472;4.31;3.18;-0.89;6.79;5.61;25,45%;21,63%;7,40%;1.5;17,56%;35,11%;7936.28;2179000000.0;3.70;4,26%
AHEB6;55.0;9.35;1.56;0.927;0,00%;0.83;2.54;19.27;-34.63;15.3;12.87;17,63%;4,81%;9,91%;3.83;5,45%;16,64%;0.0;302080000.0;-0.32;22,64%
MRSL4;3.05;9.48;0.91;0.816;0,00%;0.609;2.19;15.08;5.8;16.51;8.83;35,59%;5,41%;8,69%;2.78;4,44%;9,63%;0.0;375151000.0;0.09;7,10%
VIVA3;23.6;9.52;1.75;1.766;2,96%;1.142;2.32;7.43;3.83;7.57;6.28;70,60%;23,76%;18,56%;4.19;17,32%;18,40%;66074000.0;3184290000.0;0.03;15,56%
CPRE3;18.23;9.52;2.23;2.896;0,00%;1.027;-16.55;5.5;-2.89;5.73;4.63;59,96%;52,68%;31,04%;0.74;21,21%;23,44%;0.0;4849340000.0;0.09;1,27%
BALM3;22.0;9.53;1.28;1.05;21,91%;0.738;1.59;5.88;2.52;4.71;4.05;63,85%;17,88%;12,39%;2.69;17,40%;13,47%;5074.19;167894000.0;-0.25;10,08%
CPLE11;50.12;9.54;1.24;1.068;0,00%;0.485;11.78;5.51;-1.13;9.19;7.13;23,44%;19,40%;11,40%;1.3;9,82%;12,99%;0.0;24128100000.0;0.83;3,62%
IGTA3;33.13;9.56;1.33;4.6;0,00%;0.702;3.28;7.93;-4.36;9.69;8.37;70,65%;58,02%;48,12%;3.19;11,85%;13,94%;0.0;4338000000.0;0.30;7,90%
BRBI11;14.6;9.61;1.89;4.585;9,45%;0.083;2.65;314.84;2.65;50.43;15.44;100,00%;1,46%;47,73%;1.03;1,85%;19,70%;4958040.0;809776000.0;-1.59;-30,74%
BPAR3;180.0;9.74;0.76;0.0;4,18%;0.0;0.0;0.0;0.0;0.0;0.0;0,00%;0,00%;0,00%;0.0;0,00%;7,84%;0.0;2244270000.0;0.00;10,22%
CTWR3;100.0;9.76;56.77;0.317;0,00%;1.141;3.79;-10.64;-142.17;-8.91;-8.91;9,43%;-2,98%;3,25%;1.45;-21,86%;581,91%;0.0;879000.0;-9.19;4,94%
RANI4;5.5;9.79;0.88;0.75;0,00%;0.323;1.8;3.65;-1.1;6.78;4.1;35,35%;20,52%;7,65%;2.1;11,69%;9,03%;0.0;1433090000.0;0.76;0,31%
TGMA3;37.72;9.8;2.5;0.993;9,62%;1.629;5.79;7.35;10.0;7.43;6.76;18,75%;13,51%;10,14%;2.22;27,01%;25,55%;10818700.0;994134000.0;0.03;22,74%
VIVO4;71.8;9.81;2.93;1.491;0,00%;1.282;-31.87;6.78;-5.17;7.22;7.22;54,05%;22,01%;15,20%;0.89;23,92%;29,88%;0.0;9816290000.0;0.19;13,06%
MOVI3;10.0;9.83;1.09;0.284;6,15%;0.114;-1.29;1.09;-0.16;6.28;3.78;34,97%;26,15%;2,89%;0.69;13,78%;11,08%;50651000.0;3901510000.0;5.21;18,11%
CRFB3;8.48;9.84;0.83;0.15;0,00%;0.186;5.86;3.78;-0.68;8.04;5.79;18,14%;3,95%;1,71%;1.07;6,32%;8,48%;0.0;21435000000.0;0.94;11,31%
AHEB5;58.0;9.86;1.64;0.977;0,00%;0.875;2.67;20.32;-36.52;16.35;13.76;17,63%;4,81%;9,91%;3.83;5,45%;16,64%;0.0;302080000.0;-0.32;22,64%
HYPE3;24.48;9.87;1.19;1.954;4,30%;0.68;6.28;6.91;-3.46;9.27;8.18;61,17%;28,29%;19,76%;1.86;10,74%;12,10%;70439600.0;14431100000.0;0.41;3,78%
MRSA5B;38.0;9.92;1.4;1.691;3,03%;0.497;4.15;4.51;-1.18;6.5;4.53;46,86%;37,46%;17,05%;2.13;13,81%;14,14%;352.33;9156460000.0;0.62;11,48%
ALPA3;10.21;9.95;1.93;1.445;17,10%;1.109;4.82;7.65;18.96;8.25;6.47;52,96%;18,88%;14,52%;1.91;17,96%;19,37%;111081.0;3619460000.0;0.15;4,97%
TCSL4;7.82;9.95;0.83;1.105;0,00%;0.475;8.93;5.69;-2.2;5.61;2.18;56,52%;19,44%;11,11%;1.34;9,67%;8,33%;0.0;22847800000.0;-0.01;2,29%
MRSA3B;38.31;10.0;1.41;1.705;0,00%;0.501;4.18;4.55;-1.19;6.53;4.56;46,86%;37,46%;17,05%;2.13;13,81%;14,14%;2664.6;9156460000.0;0.62;11,48%
ELPL3;49.32;10.01;1.26;0.416;0,00%;0.291;-6.03;2.99;-0.56;6.8;5.1;19,52%;13,92%;4,16%;0.84;11,03%;12,56%;0.0;7746800000.0;1.60;3,35%
CEPE5;40.12;10.01;0.72;0.322;0,00%;0.181;2.93;1.87;-0.38;6.32;4.86;21,60%;17,20%;3,22%;1.3;11,12%;7,20%;0.0;4150000000.0;1.71;1,71%
SYNE3;3.62;10.15;0.79;1.656;11,58%;0.244;6.19;4.25;-1.09;6.04;4.64;55,17%;38,97%;21,48%;1.45;6,47%;7,80%;1412470.0;698176000.0;0.33;-34,03%
ENAT3;21.64;10.21;1.28;2.588;0,00%;0.452;1.3;29.02;-2.52;31.98;4.64;24,54%;8,92%;25,34%;3.9;2,94%;12,53%;0.0;4487040000.0;0.13;16,27%
MRSL3;3.3;10.25;0.99;0.883;0,00%;0.658;2.37;16.32;6.28;17.74;9.5;35,59%;5,41%;8,69%;2.78;4,44%;9,63%;0.0;375151000.0;0.09;7,10%
GGPS3;12.55;10.31;2.1;0.526;2,33%;0.593;1.59;6.97;-4.1;8.48;6.55;14,74%;7,54%;5,15%;2.87;11,88%;20,36%;41704000.0;4496490000.0;0.45;23,96%
TRFO3;4.53;10.32;2.58;0.804;0,00%;1.039;4.65;5.52;7.37;5.12;5.12;30,26%;14,58%;7,80%;1.43;27,63%;25,01%;0.0;76165000.0;-0.19;16,47%
CMIG3;16.61;10.34;1.63;1.087;6,15%;0.671;21.06;7.91;-1.83;11.12;8.76;15,80%;13,74%;10,51%;1.17;9,30%;15,75%;2136470.0;29181600000.0;0.66;6,06%
BESP3;330.0;10.38;2.47;0.0;0,00%;0.0;0.0;0.0;0.0;0.0;0.0;0,00%;0,00%;0,00%;0.0;0,00%;23,77%;0.0;5183100000.0;0.00;1,83%
TCOC4;27.2;10.43;1.26;1.558;0,00%;0.915;2.65;10.14;3.07;7.89;7.89;56,39%;15,37%;14,93%;2.53;13,98%;12,06%;0.0;2812920000.0;-0.28;16,71%
ITUB4;44.28;10.48;2.35;0.0;6,99%;0.0;0.0;0.0;0.0;0.0;0.0;0,00%;0,00%;0,00%;0.0;0,00%;22,45%;1072410000.0;207648000000.0;0.00;30,28%
CEBR5;23.35;10.53;1.77;3.687;14,03%;1.244;3.35;13.18;4.11;10.93;10.28;47,05%;27,97%;44,00%;7.99;12,11%;16,82%;166370.0;950416000.0;-0.30;6,63%
CEBR3;23.35;10.53;1.77;3.687;14,03%;1.244;3.35;13.18;4.11;10.93;10.28;47,05%;27,97%;44,00%;7.99;12,11%;16,82%;186660.0;950416000.0;-0.30;6,63%
EGIE3;29.46;10.54;2.78;3.05;3,07%;0.707;51.0;6.99;-1.26;11.16;8.86;47,45%;43,62%;30,83%;1.09;11,59%;26,37%;110124000.0;15012800000.0;1.65;2,76%
CGAS5;122.38;10.58;10.14;1.598;10,89%;1.034;6.28;5.36;-1.69;8.31;6.73;34,25%;29,82%;15,11%;2.34;21,59%;95,90%;89680.4;1598990000.0;5.59;-8,91%
IGTI3;3.28;10.67;1.38;4.46;1,28%;0.677;3.74;7.25;-3.02;9.53;8.27;73,82%;61,49%;41,81%;2.73;12,16%;12,93%;155297.0;4937140000.0;0.43;11,17%
BLAU3;10.71;10.68;1.07;1.398;6,95%;0.62;1.68;7.08;5.64;6.99;5.76;41,34%;19,76%;13,14%;3.23;12,24%;10,02%;2521700.0;2333950000.0;-0.01;8,67%
TRFO4;4.7;10.7;2.68;0.835;0,00%;1.078;4.82;5.73;7.65;5.33;5.33;30,26%;14,58%;7,80%;1.43;27,63%;25,01%;0.0;76165000.0;-0.19;16,47%
PATI3;27.5;10.72;0.85;0.34;26,45%;0.461;1.31;7.78;1.93;7.74;6.37;11,52%;4,37%;3,17%;2.03;10,01%;7,88%;39086.1;778522000.0;0.00;-4,92%
CEPE6;43.0;10.73;0.77;0.345;0,00%;0.195;3.15;2.01;-0.41;6.46;4.96;21,60%;17,20%;3,22%;1.3;11,12%;7,20%;0.0;4150000000.0;1.71;1,71%
SMLS3;22.4;10.78;4.09;4.212;0,00%;1.017;18.78;10.37;-6.72;10.13;9.06;85,18%;40,62%;39,07%;1.1;10,69%;37,96%;0.0;679678000.0;-0.10;-22,20%
CGAS3;124.99;10.8;10.36;1.632;9,69%;1.056;6.42;5.47;-1.73;8.42;6.82;34,25%;29,82%;15,11%;2.34;21,59%;95,90%;14198.5;1598990000.0;5.59;-8,91%
WEGE4;16.1;10.81;3.58;1.684;0,00%;1.448;6.07;8.04;18.88;7.6;6.76;33,14%;20,93%;16,63%;1.59;24,33%;33,16%;0.0;18861400000.0;-0.20;11,24%
BESP4;344.0;10.82;2.57;0.0;0,00%;0.0;0.0;0.0;0.0;0.0;0.0;0,00%;0,00%;0,00%;0.0;0,00%;23,77%;0.0;5183100000.0;0.00;1,83%
PATI4;28.0;10.92;0.86;0.346;21,92%;0.469;1.33;7.92;1.96;7.88;6.48;11,52%;4,37%;3,17%;2.03;10,01%;7,88%;4020.81;778522000.0;0.00;-4,92%
AZZA3;17.38;11.07;0.45;0.316;14,24%;0.238;0.99;4.88;-7.01;7.79;3.99;54,60%;6,46%;2,85%;2.26;5,88%;4,03%;54720500.0;8040340000.0;0.27;37,55%
GRNL4;470.0;11.09;1.07;7.231;0,00%;0.975;8.04;-64.72;15.01;-63.22;-63.22;9,00%;-11,17%;65,19%;4.35;-1,65%;9,69%;0.0;93104000.0;-0.02;21,48%
ELUM3;36.0;11.12;1.5;0.94;0,00%;0.886;2.31;14.76;2.51;10.02;10.02;14,39%;6,37%;8,46%;2.02;9,40%;13,47%;0.0;443231000.0;-0.48;8,40%
EQPA5;7.9;11.12;3.32;1.367;6,93%;0.873;6.66;5.87;-2.07;8.03;6.65;28,70%;23,28%;12,29%;1.71;18,18%;29,89%;283.58;5251780000.0;1.22;9,63%
PDTC3;1.56;11.13;0.88;-9.831;0,00%;0.194;0.52;15.01;-0.87;41.56;67.41;1,03%;-65,51%;-88,37%;3.01;1,56%;7,92%;63155.7;140739000.0;1.56;-4,33%
BRFS3;17.95;11.17;2.01;0.437;0,00%;0.422;2.86;4.82;-1.51;7.34;4.51;24,05%;9,05%;3,75%;1.43;15,79%;17,96%;0.0;14242800000.0;1.04;6,83%
RIPI3;48.01;11.23;-28.94;-7.449;0,00%;7.092;-59.55;-8.79;-16.76;-9.31;-9.31;114,05%;84,70%;-66,31%;0.87;-99,10%;-257,61%;0.0;-49103000.0;-1.68;5,82%
CZLT33;29.23;11.24;1.39;0.526;0,00%;0.145;1.87;3.1;-0.29;10.26;4.03;30,24%;16,97%;9,14%;1.58;5,31%;12,36%;0.0;5691680000.0;3.21;7,88%
EQPA7;8.01;11.27;3.37;1.386;6,83%;0.885;6.76;5.95;-2.09;8.12;6.71;28,70%;23,28%;12,29%;1.71;18,18%;29,89%;111.74;5251780000.0;1.22;9,63%
RIPI4;48.5;11.35;-29.24;-7.525;0,00%;7.164;-60.16;-8.88;-16.93;-9.4;-9.4;114,05%;84,70%;-66,31%;0.87;-99,10%;-257,61%;0.0;-49103000.0;-1.68;5,82%
EBCO4;1.0;11.46;0.8;0.33;0,00%;0.351;50.21;8.51;-14.31;8.26;8.26;13,36%;3,88%;2,90%;1.01;5,04%;7,00%;0.0;828097000.0;-0.02;6,09%
ITUB3;48.47;11.47;2.57;0.0;6,39%;0.0;0.0;0.0;0.0;0.0;0.0;0,00%;0,00%;0,00%;0.0;0,00%;22,45%;86615100.0;207648000000.0;0.00;30,28%
ECOR3;9.03;11.51;1.53;0.529;3,35%;0.159;1.66;1.6;-0.22;7.65;5.42;36,37%;32,97%;4,36%;2.53;11,52%;13,28%;59268600.0;4113690000.0;5.77;23,35%
MTSA4;44.9;11.59;0.84;0.787;7,59%;0.614;1.01;17.37;1.23;11.04;6.74;21,18%;4,53%;6,79%;4.71;5,88%;7,29%;53272.7;467180000.0;-0.31;-9,78%
TEMP3;4.15;11.64;4.92;0.98;0,00%;2.014;9.98;10.6;19.39;9.55;7.74;48,03%;9,25%;8,42%;1.41;34,49%;42,27%;0.0;135736000.0;-0.49;-13,11%
CMIN3;5.01;11.66;3.71;1.565;21,74%;0.804;16.13;5.63;-1.81;5.84;4.56;46,09%;27,78%;13,41%;1.17;20,33%;31,79%;45862400.0;7339410000.0;0.14;8,23%
MULT3;31.72;11.74;2.41;5.098;2,77%;1.232;21.63;6.98;-3.6;8.93;8.44;82,72%;73,01%;43,42%;1.64;18,70%;20,52%;127206000.0;6755750000.0;0.67;18,89%
NAFG3;64.37;11.8;2.76;1.102;0,00%;1.153;3.2;7.35;60.48;8.64;6.57;41,15%;14,99%;9,28%;2.52;19,92%;23,42%;0.0;316392000.0;0.48;9,49%
NAFG4;64.42;11.81;2.76;1.103;0,00%;1.154;3.2;7.36;60.52;8.65;6.57;41,15%;14,99%;9,28%;2.52;19,92%;23,42%;0.0;316392000.0;0.48;9,49%
BRIT3;3.06;11.85;0.88;1.003;0,00%;0.339;3.39;7.18;-1.03;12.58;4.16;42,40%;13,96%;8,45%;1.54;6,52%;7,44%;0.0;1557890000.0;0.66;22,57%
MATD3;5.06;11.9;1.13;0.728;2,97%;0.385;1.66;4.07;-1.29;5.84;4.58;30,34%;17,89%;6,13%;2.87;11,52%;9,50%;948070.0;1492820000.0;0.49;12,38%
STBP3;14.42;12.0;10.21;3.198;0,00%;2.087;32.6;6.56;-3.63;7.54;6.42;60,66%;48,73%;26,64%;1.41;37,81%;85,06%;0.0;1220380000.0;1.52;23,50%
SBSP3;27.43;12.02;2.14;2.365;2,47%;0.808;12.64;7.64;-1.92;10.34;8.63;35,73%;30,96%;19,71%;1.47;12,72%;17,80%;563481000.0;45173800000.0;0.76;21,17%
FIBR3;66.3;12.03;2.59;2.01;7,59%;0.899;9.59;5.13;-2.54;7.17;5.29;45,77%;39,18%;16,75%;1.46;22,95%;21,57%;0.0;14149000000.0;1.03;22,71%
EBCO3;1.05;12.03;0.84;0.346;0,00%;0.368;52.72;8.94;-15.02;8.68;8.68;13,36%;3,88%;2,90%;1.01;5,04%;7,00%;0.0;828097000.0;-0.02;6,09%
BRAP3;17.98;12.09;0.88;0.0;11,92%;0.873;33.65;-189.91;34.23;-183.07;-183.07;0,00%;0,00%;0,00%;5.69;-0,47%;7,26%;749045.0;8049610000.0;-0.03;0,00%
UGPA3;37.65;12.15;2.34;0.274;5,31%;0.811;4.57;5.5;-5.08;6.85;5.57;8,39%;4,99%;2,36%;1.64;21,50%;19,25%;363863000.0;17958400000.0;0.57;4,26%
MPLU3;26.8;12.2;17.37;6.877;0,00%;2.676;50.65;10.34;66.01;7.71;7.28;95,29%;66,52%;56,37%;1.06;129,57%;142,40%;0.0;250279000.0;-4.42;-18,88%
CBAV3;11.23;12.23;1.44;0.784;0,39%;0.495;2.69;9.82;-1.74;13.72;6.55;13,67%;7,99%;7,72%;2.06;6,25%;11,81%;26851600.0;5064330000.0;0.57;1,15%
PORT3;18.76;12.36;3.01;2.621;0,00%;1.305;-299.82;8.87;-3.29;11.22;8.21;48,59%;29,54%;21,50%;0.97;16,14%;24,37%;0.0;2759280000.0;0.80;5,67%
AMPI3;55.0;12.41;2.74;0.247;0,00%;0.177;5.68;0.98;-0.68;1.99;1.73;29,29%;25,18%;15,11%;1.12;21,22%;22,09%;0.0;240799000.0;2.82;14,12%
CEBR6;27.59;12.44;2.09;4.357;13,06%;1.47;3.96;15.58;4.85;13.33;12.53;47,05%;27,97%;44,00%;7.99;12,11%;16,82%;72194.9;950416000.0;-0.30;6,63%
IGTI11;27.02;12.56;1.62;5.249;1,09%;0.797;4.41;8.54;-3.55;10.81;9.38;73,82%;61,49%;41,81%;2.73;12,16%;12,93%;66348000.0;4937140000.0;0.43;11,17%
TMGC7;800.01;12.68;1.63;1.164;0,00%;1.12;6.77;17.85;11.96;16.52;16.52;37,76%;6,52%;9,18%;1.69;8,73%;12,83%;0.0;1167010000.0;-0.12;10,49%
FESA4;5.31;12.71;0.57;0.862;12,22%;0.432;1.57;14.98;3.07;11.44;3.58;16,32%;5,75%;6,80%;3.61;3,69%;4,49%;7890190.0;3287150000.0;-0.13;-7,87%
JOPA3;17.9;12.8;0.31;0.111;1,78%;0.079;0.18;2.41;1.26;8.89;7.63;25,72%;4,61%;0,97%;2.38;5,21%;2,40%;81.4;616234000.0;0.82;-4,84%
JOPA4;18.0;12.88;0.31;0.112;1,95%;0.08;0.19;2.43;1.27;8.9;7.64;25,72%;4,61%;0,97%;2.38;5,21%;2,40%;125.58;616234000.0;0.82;-4,84%
CPLE5;13.58;12.92;1.68;1.447;0,00%;0.657;15.96;7.46;-1.53;11.15;8.64;23,44%;19,40%;11,40%;1.3;9,82%;12,99%;0.0;24128100000.0;0.83;3,62%
AVIL3;0.93;12.97;4.16;2.338;0,00%;2.227;3.89;10.0;9.02;9.4;9.4;29,19%;23,38%;18,01%;5.14;40,99%;32,03%;0.0;1106590000.0;-0.25;1,74%
DXTG4;3.68;13.02;1.32;0.675;0,00%;0.689;2.44;6.26;7.48;6.33;6.33;20,62%;10,78%;6,60%;2.77;12,31%;10,10%;0.0;768999000.0;0.01;8,30%
AFLT3;7.37;13.04;1.91;7.3;9,13%;1.259;7.44;10.2;42.74;9.57;9.52;79,20%;71,60%;55,98%;1.85;14,64%;14,63%;1676.44;243660000.0;-0.12;-15,04%
EKTR3;51.52;13.05;4.58;0.965;4,75%;0.662;6.05;4.46;-1.25;8.07;6.66;25,45%;21,63%;7,40%;1.5;17,56%;35,11%;0.0;2179000000.0;3.70;4,26%
SFSA4;4.4;13.1;0.82;0.0;0,00%;0.0;0.0;0.0;0.0;0.0;0.0;0,00%;0,00%;0,00%;0.0;0,00%;6,25%;0.0;739524000.0;0.00;0,15%
CXSE3;19.88;13.19;4.32;0.0;6,80%;3.975;74.81;-360.51;75.91;-352.71;-357.4;0,00%;0,00%;0,00%;1.67;-1,21%;32,79%;119742000.0;13794600000.0;-0.09;0,00%
GETI3;14.45;13.19;3.44;1.916;0,00%;1.314;-15.63;6.98;-3.19;8.2;6.76;27,43%;27,43%;14,52%;0.71;22,70%;26,09%;0.0;1601130000.0;0.60;13,39%
AXIA3;55.35;13.2;1.3;3.57;2,74%;0.574;6.0;19.69;-1.54;25.23;15.81;47,45%;18,13%;27,06%;2.05;3,25%;9,86%;701729000.0;122244000000.0;0.37;4,90%
GETI4;14.46;13.2;3.44;1.917;0,00%;1.315;-15.64;6.99;-3.2;8.2;6.76;27,43%;27,43%;14,52%;0.71;22,70%;26,09%;0.0;1601130000.0;0.60;13,39%
RENT3;40.5;13.3;1.68;0.982;5,21%;0.501;17.22;5.35;-1.08;9.41;5.43;26,10%;18,35%;7,38%;1.14;12,27%;12,63%;395079000.0;27102500000.0;1.27;38,79%
AXIA6;55.78;13.3;1.31;3.598;2,99%;0.578;6.04;19.84;-1.55;25.38;15.9;47,45%;18,13%;27,06%;2.05;3,25%;9,86%;0.0;122244000000.0;0.37;4,90%
REDE3;5.33;13.32;2.12;0.679;3,05%;0.383;3.51;3.43;-0.7;7.81;6.17;25,16%;19,76%;6,51%;1.73;12,75%;15,96%;8086.05;6441800000.0;2.71;6,36%
BPAC5;20.79;13.33;3.05;0.0;2,26%;0.0;0.0;0.0;0.0;0.0;0.0;0,00%;0,00%;0,00%;0.0;0,00%;22,88%;96893.2;79553500000.0;0.00;11,85%
RGEG3;3.0;13.42;1.6;0.77;0,00%;0.609;-98.28;6.23;-1.76;10.04;11.7;18,70%;12,36%;5,74%;0.98;11,69%;11,90%;0.0;1915180000.0;0.98;10,09%
EEEL4;410.0;13.47;1.07;1.92;0,00%;0.446;4.75;4.71;-1.06;8.57;8.49;52,57%;40,79%;14,28%;2.4;9,79%;7,96%;0.0;3667410000.0;0.88;15,47%
CPLE6;14.26;13.57;1.76;1.52;0,00%;0.69;16.76;7.83;-1.6;11.52;8.93;23,44%;19,40%;11,40%;1.3;9,82%;12,99%;0.0;24128100000.0;0.83;3,62%
TOTS3;33.43;13.59;3.55;3.008;2,10%;1.491;12.21;7.82;-4.77;9.03;7.78;71,07%;38,49%;22,45%;1.84;23,37%;26,12%;153420000.0;5457910000.0;0.55;15,64%
BRAP4;20.23;13.61;0.99;0.0;11,65%;0.982;37.86;-213.67;38.52;-206.83;-206.83;0,00%;0,00%;0,00%;5.69;-0,47%;7,26%;44965300.0;8049610000.0;-0.03;0,00%
TFCO4;13.14;13.7;3.29;1.794;2,55%;2.035;4.3;8.73;6.49;9.25;8.45;57,16%;20,55%;12,92%;3.17;27,10%;23,99%;9286080.0;612804000.0;0.20;21,46%
BPAC11;64.1;13.7;3.13;0.0;2,20%;0.0;0.0;0.0;0.0;0.0;0.0;0,00%;0,00%;0,00%;0.0;0,00%;22,88%;646151000.0;79553500000.0;0.00;11,85%
PRIO3;60.9;13.73;1.88;2.487;0,00%;0.837;19.58;8.37;-2.17;11.8;5.8;33,37%;29,73%;18,11%;1.34;10,92%;13,71%;481965000.0;28214100000.0;0.77;35,96%
ALPA4;14.18;13.82;2.68;2.007;12,66%;1.541;6.69;10.63;26.33;11.23;8.8;52,96%;18,88%;14,52%;1.91;17,96%;19,37%;29529600.0;3619460000.0;0.15;4,97%
EEEL3;421.01;13.83;1.1;1.971;0,00%;0.458;4.88;4.83;-1.08;8.7;8.62;52,57%;40,79%;14,28%;2.4;9,79%;7,96%;0.0;3667410000.0;0.88;15,47%
RANI3;7.78;13.85;1.25;1.06;5,17%;0.456;2.54;5.17;-1.56;8.3;5.01;35,35%;20,52%;7,65%;2.1;11,69%;9,03%;4852830.0;1433090000.0;0.76;0,31%
PNVL3;12.7;13.87;1.45;0.324;3,54%;0.515;2.04;7.14;-9.2;11.28;5.92;32,32%;4,54%;2,33%;1.75;9,66%;10,45%;10265600.0;1317020000.0;0.84;12,73%
ARCE3;54.0;14.01;2.6;2.461;0,00%;1.726;11.33;8.89;102.03;9.07;9.07;34,62%;27,70%;19,46%;1.97;22,04%;18,59%;0.0;13495400000.0;0.05;48,47%
DMVF3;6.05;14.08;0.33;0.111;0,00%;0.151;32.8;4.04;-0.68;4.48;1.55;29,63%;2,75%;0,79%;1.01;4,77%;2,35%;258463.0;924038000.0;0.04;20,65%
PASS3;22.9;14.22;2.71;1.079;5,54%;0.477;3.66;5.64;-0.9;10.22;7.0;26,66%;19,13%;8,95%;2.23;10,24%;19,06%;29685600.0;6033420000.0;2.20;-1,87%
TMGC11;900.0;14.26;1.83;1.309;0,00%;1.26;7.62;20.08;13.46;18.75;18.75;37,76%;6,52%;9,18%;1.69;8,73%;12,83%;0.0;1167010000.0;-0.12;10,49%
VALE5;33.36;14.28;0.75;0.679;0,00%;0.32;10.07;2.04;-0.87;2.98;2.39;34,92%;33,24%;3,99%;1.19;18,11%;5,27%;0.0;196635000000.0;0.35;-2,40%
TNCP4;182.6;14.42;2.49;3.091;0,00%;1.696;52.65;11.85;-22.3;11.88;8.72;50,66%;26,08%;21,44%;1.15;16,48%;17,29%;0.0;13081500000.0;0.01;97,79%
ENMT4;38.2;14.53;2.1;0.877;4,24%;0.496;4.2;4.64;-0.93;9.51;7.73;23,94%;18,90%;6,04%;2.04;11,67%;14,47%;20673.3;3979530000.0;2.20;6,06%
VIVT3;29.81;14.58;1.47;1.557;8,54%;0.746;-66.53;9.58;-2.73;10.69;4.22;45,03%;16,25%;10,69%;0.95;9,10%;10,05%;161587000.0;65629300000.0;0.17;7,66%
TNCP3;184.85;14.59;2.52;3.129;0,00%;1.717;53.3;12.0;-22.58;12.03;8.83;50,66%;26,08%;21,44%;1.15;16,48%;17,29%;0.0;13081500000.0;0.01;97,79%
ABEV3;15.36;14.64;2.69;2.695;5,61%;1.721;278.93;11.5;-26.9;10.75;8.28;51,90%;23,44%;18,98%;1.02;20,62%;18,40%;414765000.0;88313200000.0;-0.17;3,86%
KSSA3;5.33;14.66;1.4;0.916;0,00%;0.406;1.72;5.62;6.73;12.3;12.3;24,52%;16,31%;8,42%;1.47;7,67%;9,58%;0.0;553026000.0;1.67;40,68%
ELUM4;47.9;14.79;1.99;1.251;0,00%;1.178;3.07;19.64;3.34;14.9;14.9;14,39%;6,37%;8,46%;2.02;9,40%;13,47%;0.0;443231000.0;-0.48;8,40%
TCOC3;38.85;14.9;1.8;2.225;0,00%;1.307;3.78;14.48;4.39;12.23;12.23;56,39%;15,37%;14,93%;2.53;13,98%;12,06%;0.0;2812920000.0;-0.28;16,71%
KROT4;5.12;15.06;0.77;1.35;0,00%;0.431;4.42;4.75;-1.86;7.12;5.36;65,20%;28,38%;8,63%;1.88;10,24%;5,11%;0.0;13733200000.0;0.38;12,35%
RDCD3;35.16;15.07;14.74;7.936;0,00%;0.925;21.14;13.4;22.7;14.25;14.26;74,03%;59,23%;52,65%;1.05;6,97%;97,78%;0.0;1605520000.0;0.94;12,16%
BMOB3;28.15;15.09;2.56;1.281;6,98%;1.194;4.07;13.75;6.06;12.11;8.55;26,63%;9,32%;9,14%;1.69;11,27%;16,97%;15521300.0;940855000.0;-0.30;12,63%
TELB3;20.37;15.1;1.23;3.812;0,00%;0.48;0.93;-7.02;-11.37;-1.55;-12.98;-28,91%;-54,28%;25,25%;10.6;-11,53%;8,14%;34442.2;1691040000.0;-0.96;13,97%
ENMT3;39.89;15.17;2.19;0.916;4,06%;0.518;4.39;4.85;-0.97;9.71;7.89;23,94%;18,90%;6,04%;2.04;11,67%;14,47%;37010.8;3979530000.0;2.20;6,06%
BOAS3;7.95;15.22;1.83;4.929;0,00%;1.699;3.34;25.6;3.54;18.69;8.52;56,53%;19,25%;32,39%;12.37;12,76%;12,04%;0.0;2298770000.0;-0.50;10,99%
CPLE3;16.0;15.23;1.98;1.705;6,64%;0.774;18.81;8.79;-1.8;12.48;9.67;23,44%;19,40%;11,40%;1.3;9,82%;12,99%;264350000.0;24128100000.0;0.83;3,62%
PEAB3;36.86;15.28;0.72;5.769;2,50%;0.511;4.2;-31.17;-4.08;-31.14;-266.07;40,79%;-18,51%;37,76%;3.71;-1,85%;4,73%;8655.7;926086000.0;0.00;38,79%
TMGC13;966.14;15.31;1.96;1.406;0,00%;1.353;8.18;21.56;14.45;20.23;20.23;37,76%;6,52%;9,18%;1.69;8,73%;12,83%;0.0;1167010000.0;-0.12;10,49%
BEMA3;10.8;15.32;1.22;1.293;0,00%;0.808;3.18;14.34;11.45;14.43;8.11;37,97%;9,01%;8,44%;2.66;6,96%;7,95%;0.0;457342000.0;0.01;10,58%
ASAI3;10.93;15.34;2.33;0.191;0,95%;0.317;7.85;2.22;-0.64;4.0;3.14;18,05%;8,58%;1,24%;1.12;21,18%;15,21%;109254000.0;6346000000.0;1.86;13,00%
MYPK3;9.25;15.55;0.35;0.094;3,32%;0.095;0.47;1.51;-0.46;5.55;3.52;11,88%;6,21%;1,53%;1.73;8,93%;2,23%;7421090.0;4095740000.0;0.93;-1,11%
ILMD3;29.0;15.73;2.63;0.683;0,00%;1.395;5.7;14.13;7.53;13.13;13.13;13,24%;4,84%;4,92%;1.6;12,52%;16,69%;0.0;658715000.0;-0.19;0,65%
PEAB4;38.0;15.75;0.74;5.947;2,66%;0.527;4.33;-32.13;-4.21;-32.11;-274.31;40,79%;-18,51%;37,76%;3.71;-1,85%;4,73%;13032.8;926086000.0;0.00;38,79%
SMFT3;17.56;15.76;1.78;1.344;5,75%;0.503;15.43;5.61;-0.97;7.95;3.96;43,20%;23,95%;8,53%;1.2;10,60%;11,30%;158427000.0;6076860000.0;0.74;45,94%
BPAC3;24.8;15.9;3.64;0.0;1,90%;0.0;0.0;0.0;0.0;0.0;0.0;0,00%;0,00%;0,00%;0.0;0,00%;22,88%;218175.0;79553500000.0;0.00;11,85%
ALOS3;29.49;15.91;1.16;5.133;11,25%;0.578;5.22;10.37;-1.69;8.14;5.65;72,95%;49,51%;35,56%;3.56;6,39%;7,27%;133830000.0;12852700000.0;-0.25;27,64%
CRTP5;62.1;15.98;1.71;1.748;0,00%;1.127;3.98;14.09;5.88;12.48;12.48;52,74%;12,40%;10,94%;2.14;12,36%;10,68%;0.0;1210570000.0;-0.20;10,11%
ILMD4;30.0;16.28;2.72;0.707;0,00%;1.443;5.89;14.62;7.79;13.62;13.62;13,24%;4,84%;4,92%;1.6;12,52%;16,69%;0.0;658715000.0;-0.19;0,65%
DURA4;31.39;16.35;2.22;2.182;0,00%;1.224;17.24;10.12;-10.49;11.47;11.47;38,73%;21,56%;13,39%;1.27;14,38%;13,59%;0.0;1789980000.0;0.30;10,94%
GOAU3;9.87;16.43;0.68;0.188;3,88%;0.159;0.68;1.85;10.34;3.0;1.97;13,10%;10,12%;3,27%;2.88;10,00%;4,13%;501718.0;19234800000.0;0.42;-5,14%
CSMG3;56.31;16.56;2.42;2.464;3,54%;1.014;37.52;9.57;-2.37;13.07;9.01;41,57%;25,76%;14,88%;1.21;11,59%;14,60%;233777000.0;8853420000.0;0.89;9,55%
DURA3;31.9;16.62;2.26;2.218;0,00%;1.244;17.52;10.29;-10.66;11.64;11.64;38,73%;21,56%;13,39%;1.27;14,38%;13,59%;0.0;1789980000.0;0.30;10,94%
VAMO3;4.3;16.64;1.59;0.848;2,90%;0.231;2.05;1.94;-0.4;6.09;4.3;49,79%;43,78%;5,10%;1.67;15,52%;9,57%;54251600.0;3298470000.0;3.42;5,69%
LIPR3;36.01;16.64;1.82;0.0;3,95%;1.706;6.65;-54.89;7.07;-45.91;-45.91;0,00%;0,00%;0,00%;6.18;-4,31%;10,96%;0.0;232276000.0;-0.30;0,00%
DPPI3;85.0;16.65;4.99;-1.453;0,00%;3.753;8.7;190.72;9.75;177.18;177.18;1,90%;-0,76%;-5,04%;3.14;3,00%;29,97%;0.0;545227000.0;-0.35;15,14%
CAML3;5.29;16.79;0.62;0.167;5,54%;0.154;0.59;3.71;-0.83;12.7;8.04;22,87%;4,50%;1,00%;1.87;5,74%;3,69%;3883190.0;2988670000.0;1.50;5,40%
KROT11;40.0;16.8;0.86;1.506;0,00%;0.481;4.93;5.31;-2.07;7.67;5.78;65,20%;28,38%;8,63%;1.88;10,24%;5,11%;0.0;13733200000.0;0.38;12,35%
ENGI4;10.16;16.87;1.31;0.697;2,24%;0.297;3.0;3.38;-0.65;7.76;6.0;24,66%;20,65%;5,88%;1.56;10,25%;7,78%;70314.0;19498600000.0;1.70;8,42%
ODER4;100.0;16.88;1.85;1.35;0,00%;1.035;2.06;14.51;4.46;16.93;13.95;28,19%;9,30%;8,00%;3.92;8,57%;10,97%;0.0;609518000.0;0.31;3,17%
TIMP3;13.46;17.13;1.43;1.903;0,00%;0.818;15.37;9.79;-3.78;9.72;3.77;56,52%;19,44%;11,11%;1.34;9,67%;8,33%;0.0;22847800000.0;-0.01;2,29%
BMTO4;7.57;17.27;2.07;0.0;0,00%;2.03;0.0;-2625.16;0.0;-2624.05;-1477.48;0,00%;0,00%;0,00%;0.0;0,00%;12,00%;0.0;1046320000.0;0.00;0,00%
B3SA3;18.34;17.37;4.95;7.712;5,01%;1.891;10.16;13.0;-8.28;12.78;12.13;89,80%;59,32%;44,43%;1.92;22,20%;28,49%;648202000.0;18705000000.0;-0.08;3,97%
WHRL3;3.42;17.53;2.61;0.419;9,10%;0.498;-6.94;4.57;-2.83;4.88;4.03;17,95%;9,17%;2,41%;0.9;24,57%;14,89%;14004.8;1968620000.0;0.18;3,67%
BFIT4;0.93;17.55;1.96;0.0;0,00%;0.0;0.0;0.0;0.0;0.0;0.0;0,00%;0,00%;0,00%;0.0;0,00%;11,15%;0.0;1849420000.0;0.00;35,67%
ENGI11;52.97;17.59;1.37;0.727;2,15%;0.31;3.12;3.52;-0.68;7.91;6.11;24,66%;20,65%;5,88%;1.56;10,25%;7,78%;179579000.0;19498600000.0;1.70;8,42%
PTNT3;8.42;17.64;1.17;0.496;3,15%;0.37;1.08;19.18;-5.06;30.78;10.8;16,18%;2,59%;4,49%;2.77;2,80%;6,62%;0.0;346600000.0;0.71;-0,54%
FLRY3;22.79;17.71;2.3;1.418;5,13%;0.92;5.94;9.07;-3.56;11.63;6.98;27,05%;15,63%;7,89%;1.86;12,70%;13,00%;84076300.0;5417580000.0;0.65;20,60%
RDOR3;38.29;17.79;4.14;1.484;11,22%;0.758;2.28;8.06;-2.6;8.78;7.48;23,07%;18,41%;8,70%;2.91;15,63%;23,26%;263068000.0;20733500000.0;0.37;26,98%
PTNT4;8.5;17.81;1.18;0.501;3,12%;0.373;1.09;19.37;-5.11;30.96;10.86;16,18%;2,59%;4,49%;2.77;2,80%;6,62%;0.0;346600000.0;0.71;-0,54%
BMTO3;7.82;17.84;2.14;0.0;0,00%;2.097;0.0;-2711.85;0.0;-2710.74;-1526.3;0,00%;0,00%;0,00%;0.0;0,00%;12,00%;0.0;1046320000.0;0.00;0,00%
UCOP4;6.5;18.01;1.3;19.05;0,00%;0.844;5.14;22.7;-8.61;24.17;41.56;98,19%;83,92%;110,51%;13.37;3,91%;7,23%;0.0;972713000.0;0.08;9,25%
QUAL3;1.66;18.08;0.35;0.349;0,54%;0.137;-0.84;0.79;-0.36;2.13;1.5;87,86%;44,02%;2,56%;0.58;22,61%;1,96%;5189360.0;1334000000.0;0.60;-9,87%
GOAU4;10.94;18.21;0.75;0.208;3,50%;0.176;0.75;2.06;11.46;3.2;2.1;13,10%;10,12%;3,27%;2.88;10,00%;4,13%;108050000.0;19234800000.0;0.42;-5,14%
GGBR3;20.64;18.25;0.76;0.587;3,87%;0.498;2.13;5.79;34.0;6.94;4.55;13,10%;10,14%;3,27%;2.87;10,03%;4,18%;612178.0;53544600000.0;0.15;-5,14%
WHRL4;3.6;18.45;2.75;0.441;8,96%;0.524;-7.31;4.81;-2.97;5.12;4.23;17,95%;9,17%;2,41%;0.9;24,57%;14,89%;43664.7;1968620000.0;0.18;3,67%
BFIT3;0.98;18.49;2.06;0.0;0,00%;0.0;0.0;0.0;0.0;0.0;0.0;0,00%;0,00%;0,00%;0.0;0,00%;11,15%;0.0;1849420000.0;0.00;35,67%
TMCP3;56.0;18.58;1.38;1.525;0,00%;0.937;3.85;24.25;4.74;19.68;19.68;37,76%;6,29%;9,75%;2.3;5,54%;7,44%;0.0;1798930000.0;-0.26;10,49%
ELET5;78.75;18.78;1.85;5.079;0,00%;0.816;8.53;28.01;-2.19;33.55;21.02;47,45%;18,13%;27,06%;2.05;3,25%;9,86%;0.0;122244000000.0;0.37;4,90%
SMLE3;92.82;18.88;21.91;6.635;0,00%;6.477;-124.0;16.5;-42.31;16.32;13.2;49,33%;40,22%;35,14%;0.91;46,17%;116,04%;0.0;524731000.0;-0.23;36,83%
ESTC11;23.5;18.91;0.74;0.386;0,00%;0.232;2.81;2.28;-0.5;6.88;3.73;59,83%;16,91%;2,02%;1.61;11,35%;3,89%;0.0;2916530000.0;1.48;5,60%
ARTR3;10.01;18.96;1.73;1.006;0,00%;0.267;56.86;4.73;-0.39;14.75;5.94;25,88%;21,28%;5,31%;1.03;6,67%;9,13%;0.0;3323920000.0;3.67;4,19%
TMCP4;58.2;19.31;1.44;1.585;0,00%;0.973;4.0;25.21;4.92;20.63;20.63;37,76%;6,29%;9,75%;2.3;5,54%;7,44%;0.0;1798930000.0;-0.26;10,49%
AURA33;136.1;19.41;12.51;4.351;1,27%;3.35;190.52;7.93;-7.58;8.2;8.2;60,05%;54,84%;22,42%;1.06;56,55%;64,46%;131820000.0;2362970000.0;0.42;28,11%
FRIO3;205.0;19.7;3.11;0.523;0,00%;0.624;8.8;7.35;-8.64;11.43;7.91;18,52%;7,11%;2,23%;1.11;12,20%;15,77%;0.0;420899000.0;1.72;6,52%
AUAU3;4.41;19.72;1.19;0.757;0,69%;0.55;7.57;10.08;-2.89;9.32;4.21;46,49%;7,50%;3,84%;1.26;7,01%;6,04%;16396900.0;3185940000.0;-0.09;0,00%
MERC3;15.28;19.92;1.06;0.0;1,19%;0.0;0.0;0.0;0.0;0.0;0.0;0,00%;0,00%;0,00%;0.0;0,00%;5,33%;0.0;589733000.0;0.00;30,30%
ETER4;9.85;19.95;0.72;0.533;0,00%;0.425;3.49;77.84;-25.28;98.47;13.6;18,43%;0,68%;2,67%;1.45;0,60%;3,61%;0.0;844344000.0;0.19;0,36%
AUTM3;19.7;20.0;1.9;0.709;0,00%;0.547;4.08;6.78;-2.42;8.22;8.99;20,49%;10,47%;4,31%;1.48;11,93%;9,50%;0.0;1304250000.0;0.40;28,21%
AEDU11;37.35;20.13;1.13;1.405;0,00%;0.732;5.77;13.93;-7.31;16.14;10.82;43,23%;10,08%;6,98%;2.04;5,77%;5,60%;0.0;2415400000.0;0.18;20,90%
PNVL4;18.62;20.34;2.13;0.475;0,00%;0.755;2.99;10.46;-13.49;14.61;7.67;32,32%;4,54%;2,33%;1.75;9,66%;10,45%;0.0;1317020000.0;0.84;12,73%
LUXM3;10.0;20.39;2.37;2.632;0,00%;1.701;16.38;16.25;-31.01;15.78;8.65;30,33%;16,19%;12,91%;1.84;12,19%;11,62%;0.0;175397000.0;-0.07;3,15%
CEGR3;57.0;20.72;6.31;3.231;1,14%;3.118;-57.7;11.95;-11.74;12.04;10.54;36,59%;27,04%;15,60%;0.82;30,72%;30,44%;2962.67;2347190000.0;0.05;-3,14%
ENGI3;12.49;20.74;1.61;0.857;1,82%;0.365;3.68;4.15;-0.8;8.54;6.59;24,66%;20,65%;5,88%;1.56;10,25%;7,78%;46881.6;19498600000.0;1.70;8,42%
ZAMP3;3.5;20.8;1.06;0.259;0,00%;0.299;-25.43;7.43;-0.65;13.57;3.66;66,93%;3,48%;1,24%;0.96;4,78%;5,08%;0.0;1347610000.0;0.87;13,55%
LAME4;6.55;20.99;1.89;0.476;0,00%;0.282;1.19;7.32;-4.32;11.24;5.46;32,90%;6,51%;2,51%;1.72;6,53%;9,02%;0.0;6514640000.0;1.01;9,72%
BIOM3;6.1;21.06;2.57;2.172;0,00%;1.358;6.43;15.36;10.77;16.88;17.14;37,62%;14,14%;10,31%;1.55;11,76%;12,19%;271379.0;325198000.0;0.25;30,74%
MERC4;16.25;21.18;1.13;0.0;3,26%;0.0;0.0;0.0;0.0;0.0;0.0;0,00%;0,00%;0,00%;0.0;0,00%;5,33%;0.0;589733000.0;0.00;30,30%
BRST3;2.88;21.21;0.8;0.699;1,43%;0.266;3.26;4.53;-0.63;10.6;3.72;43,22%;15,42%;3,29%;1.51;7,27%;3,77%;583757.0;1578860000.0;1.07;16,56%
TKNO4;216.0;21.21;2.2;2.144;7,59%;1.803;4.68;23.8;5.25;22.48;17.0;21,26%;9,01%;10,11%;3.78;9,44%;10,38%;0.0;289247000.0;-0.12;-1,18%
LAME3;6.62;21.22;1.91;0.481;0,00%;0.285;1.2;7.4;-4.37;11.32;5.49;32,90%;6,51%;2,51%;1.72;6,53%;9,02%;0.0;6514640000.0;1.01;9,72%
GGBR4;24.27;21.46;0.9;0.69;3,29%;0.586;2.5;6.81;39.98;7.96;5.22;13,10%;10,14%;3,27%;2.87;10,03%;4,18%;244095000.0;53544600000.0;0.15;-5,14%
BPAN4;12.75;21.47;2.08;0.0;0,00%;0.0;0.0;0.0;0.0;0.0;0.0;0,00%;0,00%;0,00%;0.0;0,00%;9,67%;0.0;7792670000.0;0.00;-1,53%
SLCE3;16.81;21.59;1.55;0.83;4,79%;0.419;1.77;4.26;-1.6;7.96;6.7;30,51%;19,51%;3,92%;2.2;10,84%;7,16%;50409600.0;5424480000.0;1.34;2,29%
FRAS3;22.6;21.63;2.51;1.166;2,73%;0.903;3.15;8.23;-6.09;9.79;7.33;33,34%;14,17%;5,43%;2.41;15,27%;11,62%;4948730.0;2520240000.0;0.48;18,27%
SAPR4;6.52;21.64;0.81;1.306;1,73%;0.371;3.38;3.87;-1.22;4.89;3.87;57,51%;33,71%;6,04%;1.86;11,83%;3,76%;9293610.0;12103900000.0;0.21;8,47%
LOGN3;28.0;21.9;2.49;0.964;0,00%;0.785;8.14;15.27;-2.18;22.02;8.8;12,94%;6,32%;4,41%;1.42;5,71%;11,37%;412242.0;1206610000.0;1.10;15,58%
SAPR11;33.01;21.92;0.82;1.323;1,67%;0.376;3.42;3.92;-1.23;4.94;3.91;57,51%;33,71%;6,04%;1.86;11,83%;3,76%;48896600.0;12103900000.0;0.21;8,47%
VIVT4;45.34;22.17;2.23;2.368;0,00%;1.135;-101.18;14.58;-4.15;15.69;6.19;45,03%;16,25%;10,69%;0.95;9,10%;10,05%;0.0;65629300000.0;0.17;7,66%
CRTP3;86.5;22.26;2.38;2.435;0,00%;1.57;5.55;19.63;8.19;18.02;18.02;52,74%;12,40%;10,94%;2.14;12,36%;10,68%;0.0;1210570000.0;-0.20;10,11%
BSCT6;2.58;22.49;2.04;0.0;0,00%;0.0;0.0;0.0;0.0;0.0;0.0;0,00%;0,00%;0,00%;0.0;0,00%;9,05%;0.0;212960000.0;0.00;1,92%
RSIP3;0.44;22.7;1.32;0.875;0,00%;0.433;-10.98;9.53;-1.46;18.48;33.21;22,38%;9,17%;3,85%;0.9;5,00%;5,80%;0.0;66914000.0;1.23;15,13%
RSIP4;0.44;22.7;1.32;0.875;0,00%;0.433;-10.98;9.53;-1.46;18.48;33.21;22,38%;9,17%;3,85%;0.9;5,00%;5,80%;0.0;66914000.0;1.23;15,13%
UNIP3;54.82;23.28;3.1;1.185;10,74%;0.8;3.8;8.99;-2.11;12.37;8.5;26,81%;13,18%;4,98%;2.39;11,66%;13,34%;275695.0;1998820000.0;1.17;-8,38%
SAPR3;7.05;23.4;0.88;1.413;1,45%;0.402;3.65;4.19;-1.31;5.21;4.12;57,51%;33,71%;6,04%;1.86;11,83%;3,76%;1092010.0;12103900000.0;0.21;8,47%
TVIT3;19.3;23.46;5.45;1.705;0,00%;2.424;175.42;16.02;-12.72;17.14;17.14;24,94%;10,64%;7,27%;1.04;17,58%;23,24%;0.0;314984000.0;0.38;0,00%
FESA3;9.81;23.49;1.05;1.593;6,01%;0.799;2.89;27.68;5.68;24.14;7.55;16,32%;5,75%;6,80%;3.61;3,69%;4,49%;3932.16;3287150000.0;-0.13;-7,87%
MOAR3;61.21;23.51;0.81;0.0;27,78%;0.338;0.77;-29.11;14.0;-12.23;-12.56;0,00%;0,00%;0,00%;3.6;-2,74%;3,45%;0.0;924791000.0;-0.47;0,00%
TMGC3;1500.0;23.77;3.05;2.182;0,00%;2.101;12.7;33.47;22.43;32.14;32.14;37,76%;6,52%;9,18%;1.69;8,73%;12,83%;0.0;1167010000.0;-0.12;10,49%
UNIP6;56.31;23.91;3.19;1.218;11,50%;0.821;3.91;9.24;-2.17;12.61;8.67;26,81%;13,18%;4,98%;2.39;11,66%;13,34%;14930900.0;1998820000.0;1.17;-8,38%
POWE3;10.9;23.92;0.99;0.618;0,00%;0.378;6.57;17.61;-3.01;10.63;10.01;6,82%;3,51%;2,59%;1.13;3,54%;4,13%;0.0;988330000.0;-0.39;0,00%
TSEP4;29.01;23.97;1.3;1.282;0,00%;0.906;3.8;14.82;4.43;12.29;12.29;50,13%;8,65%;5,35%;1.88;9,10%;5,43%;0.0;2047020000.0;-0.22;4,50%
RADL3;18.37;23.98;4.42;0.715;2,39%;1.297;7.82;10.82;-9.81;11.76;6.9;31,05%;6,61%;2,97%;1.41;16,71%;18,41%;208654000.0;7290780000.0;0.38;14,16%
ARML3;4.31;24.1;1.09;0.749;10,84%;0.251;1.62;3.38;-0.61;8.79;5.15;31,83%;22,20%;4,46%;1.89;9,85%;4,51%;4409940.0;1374540000.0;1.74;30,02%
UNIP5;57.06;24.23;3.23;1.234;11,35%;0.832;3.96;9.36;-2.2;12.74;8.76;26,81%;13,18%;4,98%;2.39;11,66%;13,34%;14637.8;1998820000.0;1.17;-8,38%
PRNR3;18.8;24.44;2.24;0.624;0,00%;0.563;2.68;6.72;-2.24;10.81;6.05;18,42%;9,29%;3,24%;1.85;10,43%;9,17%;9651480.0;478172000.0;1.37;29,71%
ELEK3;19.11;24.46;2.66;0.619;0,34%;1.067;3.75;52.11;-110.34;65.77;26.15;11,39%;1,19%;2,53%;1.94;2,52%;10,87%;0.0;226327000.0;0.70;5,69%
MAGS3;62.45;24.49;3.13;2.217;0,00%;2.12;4.9;15.02;6.65;14.19;14.19;37,69%;14,76%;8,91%;3.06;18,74%;12,78%;0.0;848546000.0;-0.17;10,05%
RAIL3;16.29;24.68;2.09;2.104;0,67%;0.549;16.03;5.15;-0.93;8.12;6.51;45,82%;40,82%;8,66%;1.31;12,06%;8,48%;173053000.0;14469200000.0;1.21;15,43%
CRUZ3;27.59;25.31;22.46;6.614;0,00%;7.185;62.03;20.74;124.93;20.75;19.27;61,14%;31,89%;26,13%;1.19;46,80%;88,76%;0.0;1877350000.0;0.01;3,04%
OPCT3;8.99;25.42;4.12;1.778;0,46%;1.227;6.86;9.73;-3.25;13.44;7.28;29,57%;18,27%;6,99%;2.22;14,93%;16,21%;11605500.0;1035340000.0;1.57;20,79%
TNLP4;20.36;25.96;0.71;0.344;0,00%;0.125;1.29;3.4;-0.33;9.07;9.07;38,84%;10,12%;-0,07%;1.48;4,58%;2,72%;0.0;13736000000.0;1.18;15,39%
HGTX4;9.6;26.11;0.92;1.07;0,00%;0.635;1.92;27.1;2.54;28.0;11.15;40,58%;3,95%;4,10%;2.47;3,00%;3,51%;0.0;1704940000.0;0.03;-4,62%
AMBV4;86.8;26.59;8.74;8.027;0,00%;5.253;144.02;20.54;-37.72;20.36;18.35;67,27%;39,08%;30,76%;1.18;32,43%;32,88%;0.0;31105700000.0;-0.08;21,73%
AMBV3;87.0;26.65;8.76;8.045;0,00%;5.266;144.35;20.59;-37.8;20.41;18.39;67,27%;39,08%;30,76%;1.18;32,43%;32,88%;0.0;31105700000.0;-0.08;21,73%
YDUQ3;11.14;26.89;1.05;0.549;5,11%;0.33;3.99;3.25;-0.71;7.85;4.25;59,83%;16,91%;2,02%;1.61;11,35%;3,89%;52332400.0;2916530000.0;1.48;5,60%
RPSA4;4.9;27.33;1.55;5.697;0,00%;0.805;5.09;107.53;-4.5;137.55;137.55;8,00%;5,30%;20,85%;2.09;0,85%;5,69%;0.0;1167980000.0;0.43;-14,23%
SEBB11;23.27;28.01;6.44;2.214;0,00%;5.279;24.65;23.96;28.94;23.73;23.73;42,17%;9,24%;7,40%;2.44;24,15%;23,01%;0.0;145783000.0;-0.06;50,04%
CASN3;10.45;28.72;4.11;5.459;0,00%;1.953;-156.2;18.68;-4.95;22.5;16.7;50,52%;29,22%;19,01%;0.91;10,87%;14,32%;0.0;2923020000.0;0.84;15,32%
VALE3;69.91;29.93;1.58;1.423;8,02%;0.672;21.1;4.28;-1.83;5.22;4.19;34,92%;33,24%;3,99%;1.19;18,11%;5,27%;1544380000.0;196635000000.0;0.35;-2,40%
BIOM4;8.68;29.97;3.65;3.09;0,00%;1.932;9.15;21.85;15.33;23.37;23.74;37,62%;14,14%;10,31%;1.55;11,76%;12,19%;0.0;325198000.0;0.25;30,74%
BSCT5;3.5;30.51;2.76;0.0;0,00%;0.0;0.0;0.0;0.0;0.0;0.0;0,00%;0,00%;0,00%;0.0;0,00%;9,05%;0.0;212960000.0;0.00;1,92%
EMBJ3;97.31;30.94;4.02;1.633;1,23%;1.052;6.19;14.89;-6.83;15.21;11.76;17,85%;10,97%;5,46%;1.44;9,61%;13,01%;509004000.0;17906200000.0;0.09;22,02%
CEPE3;128.0;31.94;2.3;1.028;0,00%;0.579;9.36;5.98;-1.21;10.42;8.02;21,60%;17,20%;3,22%;1.3;11,12%;7,20%;0.0;4150000000.0;1.71;1,71%
MOSI3;8.24;32.29;1.56;4.761;0,00%;1.453;1.89;89.69;1.9;42.98;24.91;89,47%;5,31%;14,75%;13.3;8,12%;4,82%;0.0;670337000.0;-0.81;0,00%
BRGE6;12.92;32.46;0.72;267.653;4,36%;0.318;0.83;-1.36;1.62;0.92;0.94;-4.115,33%;-19.636,90%;1.381,29%;3.06;-50,03%;2,21%;0.0;1324180000.0;-1.20;-45,61%
CREM3;14.5;32.69;2.45;0.685;0,00%;0.67;4.89;8.52;-5.41;12.04;7.07;30,30%;8,05%;2,10%;1.29;11,36%;7,50%;0.0;189701000.0;1.01;-0,27%
BRGE7;13.07;32.83;0.73;270.76;2,51%;0.322;0.84;-1.38;1.63;0.9;0.92;-4.115,33%;-19.636,90%;1.381,29%;3.06;-50,03%;2,21%;0.0;1324180000.0;-1.20;-45,61%
TSEP3;40.0;33.05;1.79;1.768;0,00%;1.25;5.24;20.44;6.11;17.91;17.91;50,13%;8,65%;5,35%;1.88;9,10%;5,43%;0.0;2047020000.0;-0.22;4,50%
BRGE8;13.17;33.08;0.73;272.832;1,78%;0.324;0.85;-1.39;1.65;0.89;0.91;-4.115,33%;-19.636,90%;1.381,29%;3.06;-50,03%;2,21%;0.0;1324180000.0;-1.20;-45,61%
BRGE11;13.18;33.11;0.73;273.039;2,14%;0.325;0.85;-1.39;1.65;0.89;0.91;-4.115,33%;-19.636,90%;1.381,29%;3.06;-50,03%;2,21%;0.0;1324180000.0;-1.20;-45,61%
BRGE5;13.18;33.11;0.73;273.039;0,00%;0.325;0.85;-1.39;1.65;0.89;0.91;-4.115,33%;-19.636,90%;1.381,29%;3.06;-50,03%;2,21%;0.0;1324180000.0;-1.20;-45,61%
WEGE3;49.46;33.19;11.01;5.173;4,05%;4.449;18.65;24.71;57.99;24.27;21.59;33,14%;20,93%;16,63%;1.59;24,33%;33,16%;367298000.0;18861400000.0;-0.20;11,24%
ELEK4;26.0;33.27;3.62;0.842;0,25%;1.452;5.1;70.89;-150.12;84.56;33.61;11,39%;1,19%;2,53%;1.94;2,52%;10,87%;0.0;226327000.0;0.70;5,69%
BRGE12;13.47;33.84;0.75;279.047;0,00%;0.332;0.87;-1.42;1.68;0.86;0.88;-4.115,33%;-19.636,90%;1.381,29%;3.06;-50,03%;2,21%;0.0;1324180000.0;-1.20;-45,61%
BRGE3;13.5;33.91;0.75;279.668;0,00%;0.333;0.87;-1.42;1.69;0.86;0.87;-4.115,33%;-19.636,90%;1.381,29%;3.06;-50,03%;2,21%;0.0;1324180000.0;-1.20;-45,61%
CTIP3;49.5;35.13;8.76;8.248;0,00%;3.774;-71.28;21.15;-14.32;21.42;18.26;83,59%;38,99%;23,48%;0.85;24,63%;24,94%;0.0;1486250000.0;0.11;13,43%
ESPA3;7.49;35.14;0.31;0.246;5,10%;0.123;0.77;1.7;-0.8;5.75;3.44;33,83%;14,52%;0,45%;1.55;7,97%;0,89%;502262.0;865239000.0;0.75;9,92%
TNLP3;27.75;35.39;0.96;0.468;0,00%;0.17;1.76;4.63;-0.45;10.31;10.31;38,84%;10,12%;-0,07%;1.48;4,58%;2,72%;0.0;13736000000.0;1.18;15,39%
VIGR3;25.0;36.57;2.55;0.763;0,00%;0.899;11.45;12.39;-5.02;15.2;22.95;28,97%;6,16%;2,28%;1.26;9,06%;6,98%;0.0;1593560000.0;0.58;54,72%
PARD3;20.25;36.76;5.3;2.565;5,22%;2.095;-54.06;17.52;-8.62;18.12;11.99;26,45%;14,64%;7,00%;0.9;15,26%;14,42%;0.0;1019310000.0;0.18;15,97%
SAUD3;13.35;37.04;2.09;3.927;1,57%;0.936;40.49;32.32;-5.38;21.4;19.71;15,83%;12,15%;10,60%;1.07;4,59%;5,63%;94283000.0;18706500000.0;-0.71;41,92%
CRIV4;6.74;37.77;0.66;0.0;3,60%;0.0;0.0;0.0;0.0;0.0;0.0;0,00%;0,00%;0,00%;0.0;0,00%;1,74%;0.0;1058750000.0;0.00;-0,10%
ALSC3;27.75;38.57;2.2;10.717;0,95%;1.202;9.41;19.33;-4.22;17.49;14.08;75,71%;55,45%;29,30%;5.39;7,03%;5,69%;0.0;2593960000.0;-0.21;2,34%
CRIV3;6.98;39.11;0.68;0.0;0,00%;0.0;0.0;0.0;0.0;0.0;0.0;0,00%;0,00%;0,00%;0.0;0,00%;1,74%;0.0;1058750000.0;0.00;-0,10%
ELMD3;31.0;39.74;4.53;3.555;0,63%;1.394;10.24;13.53;-4.49;15.97;11.64;49,42%;26,26%;11,44%;1.76;13,80%;11,40%;0.0;983781000.0;0.82;52,68%
RHDS3;0.11;39.98;3.24;0.548;0,00%;0.79;-65.29;7.49;-2.7;10.7;8.06;17,17%;7,31%;1,17%;0.97;11,80%;8,12%;0.0;272045000.0;1.39;4,38%
KLBN4;3.6;40.02;2.37;1.086;6,45%;0.353;2.53;8.35;-0.75;17.55;6.23;28,00%;13,01%;2,59%;2.0;5,45%;5,92%;12181900.0;9486820000.0;2.61;2,72%
KLBN11;18.11;40.27;2.38;1.093;6,41%;0.355;2.55;8.4;-0.75;17.6;6.25;28,00%;13,01%;2,59%;2.0;5,45%;5,92%;101082000.0;9486820000.0;2.61;2,72%
DESK3;19.45;40.48;1.58;1.781;0,95%;0.576;10.17;5.9;-1.34;9.01;5.35;60,50%;30,18%;5,27%;1.41;11,53%;3,91%;11271700.0;1430350000.0;0.83;22,33%
PETZ3;4.39;40.84;1.16;0.539;0,00%;0.508;7.06;8.28;-2.62;8.08;3.16;47,09%;6,52%;1,32%;1.24;7,87%;2,83%;0.0;1713010000.0;-0.03;11,49%
RAIA3;30.5;41.22;2.98;0.897;0,00%;1.777;4.31;18.18;5.06;16.73;16.73;28,02%;4,93%;2,18%;2.2;17,80%;7,22%;0.0;635785000.0;-0.24;0,00%
LCAM3;24.15;41.56;5.61;7.646;0,00%;3.901;14.69;53.23;28.83;50.97;23.21;21,34%;14,36%;18,50%;6.45;9,59%;13,49%;0.0;10845400000.0;-0.24;10,10%
KLBN3;3.75;41.69;2.47;1.131;6,19%;0.368;2.64;8.7;-0.78;17.9;6.36;28,00%;13,01%;2,59%;2.0;5,45%;5,92%;2510630.0;9486820000.0;2.61;2,72%
IMCH3;6.39;41.83;0.59;0.336;0,00%;0.289;-9.49;12.28;-0.78;21.16;6.62;31,50%;2,73%;0,80%;0.82;2,55%;1,40%;0.0;920589000.0;0.42;21,04%
POSI3;3.71;42.2;0.34;0.151;4,84%;0.122;0.43;2.34;-9.9;5.38;3.89;24,99%;6,48%;0,37%;1.82;6,93%;0,80%;2644510.0;1560820000.0;0.44;-6,21%
TASA3;8.26;43.13;0.9;0.806;0,04%;0.474;2.03;-24.97;5.38;-34.21;92.1;32,24%;-3,23%;1,87%;1.72;-2,33%;2,08%;268086.0;1284530000.0;0.33;-15,61%
APTI4;3500.0;43.24;0.27;1.723;0,00%;0.138;0.37;36.62;-2.83;23.91;15.66;100,00%;4,70%;3,98%;6.78;0,47%;0,62%;0.0;248035000.0;-0.09;2,05%
TASA4;8.29;43.29;0.9;0.809;0,04%;0.476;2.04;-25.06;5.4;-34.3;92.34;32,24%;-3,23%;1,87%;1.72;-2,33%;2,08%;5882350.0;1284530000.0;0.33;-15,61%
PTQS4;189.46;43.43;2.19;4.717;0,00%;1.577;9.89;-7214.41;-35.73;-7466.35;-7466.35;13,09%;-0,07%;11,37%;3.32;-0,02%;5,04%;0.0;1714950000.0;0.08;56,13%
UOLL4;19.62;43.52;2.35;2.054;0,00%;1.403;457.14;15.14;-12.83;16.49;16.49;67,67%;13,56%;4,69%;1.01;10,57%;5,40%;0.0;1003690000.0;0.21;21,99%
SOJA3;7.57;46.3;0.8;0.41;3,74%;0.268;0.64;7.25;-7.73;12.86;9.98;11,72%;5,65%;3,53%;2.98;5,66%;1,73%;5324780.0;1340690000.0;0.62;17,87%
PRGA4;75.0;46.69;8.38;1.824;0,00%;1.765;11.97;20.16;-6.31;22.67;13.93;24,05%;9,05%;3,75%;1.43;15,79%;17,96%;0.0;14242800000.0;1.04;6,83%
GUAR4;151.0;49.55;14.05;7.113;0,00%;5.365;22.0;71.11;195.8;72.32;41.25;61,58%;10,00%;14,35%;1.61;8,96%;28,35%;0.0;5403030000.0;0.24;7,28%
ELCA4;20.2;50.47;8.05;2.572;0,00%;1.452;13.3;13.01;-2.65;17.39;13.73;25,16%;19,76%;6,51%;1.73;12,75%;15,96%;0.0;6441800000.0;2.71;6,36%
PLTO6;10.47;50.81;692616.0;0.69;0,00%;0.901;2.9;55.05;-1.55;56.35;56.35;9,79%;1,25%;1,36%;3.87;1,74%;1.363.200,00%;0.0;1000.0;16277.00;8,78%
SULA11;22.25;52.23;1.13;0.432;0,27%;0.314;0.85;-13.07;-4.6;6.62;8.51;4,25%;-3,30%;0,83%;2.29;-5,62%;2,17%;0.0;8363840000.0;-1.71;1,66%
SULA3;7.43;52.32;1.13;0.433;0,27%;0.314;0.85;-13.09;-4.61;6.59;8.48;4,25%;-3,30%;0,83%;2.29;-5,62%;2,17%;0.0;8363840000.0;-1.71;1,66%
PLTO5;10.94;53.09;723708.0;0.721;0,00%;0.942;3.03;57.52;-1.62;58.82;58.82;9,79%;1,25%;1,36%;3.87;1,74%;1.363.200,00%;0.0;1000.0;16277.00;8,78%
FFTL3;25.0;53.22;2.26;3.41;0,00%;1.508;23.71;20.9;-15.54;20.55;20.55;19,17%;16,32%;8,16%;1.37;8,91%;4,24%;0.0;6274030000.0;-0.04;7,79%
FFTL4;25.06;53.34;2.26;3.418;0,00%;1.512;23.77;20.95;-15.58;20.6;20.6;19,17%;16,32%;8,16%;1.37;8,91%;4,24%;0.0;6274030000.0;-0.04;7,79%
EQTL3;40.65;53.42;1.96;0.947;3,88%;0.43;5.36;5.3;-0.8;10.91;8.34;25,57%;17,86%;3,27%;1.57;9,18%;3,67%;375790000.0;26126700000.0;2.07;18,46%
MYPK4;31.79;53.43;1.19;0.323;0,00%;0.327;1.62;5.2;-1.57;9.23;5.85;11,88%;6,21%;1,53%;1.73;8,93%;2,23%;0.0;4095740000.0;0.93;-1,11%
SULA4;7.63;53.73;1.17;0.444;0,26%;0.323;0.88;-13.45;-4.73;6.24;8.02;4,25%;-3,30%;0,83%;2.29;-5,62%;2,17%;0.0;8363840000.0;-1.71;1,66%
OMGE3;27.57;54.3;1068.99;0.967;0,00%;360.064;3963.26;7.98;-834.94;7.99;4.45;15,07%;12,12%;1,78%;1.64;5.043,60%;1.968,55%;0.0;5165200.0;1.14;58,20%
ENEV3;27.87;56.29;2.66;2.832;0,00%;0.933;30.34;17.12;-1.94;23.38;12.78;25,73%;16,54%;8,02%;1.28;5,85%;4,73%;271515000.0;20355600000.0;0.97;36,29%
BSEV3;9.0;56.31;-10.76;0.889;0,00%;0.776;-1.59;4.4;-1.02;7.59;3.7;25,99%;20,19%;1,58%;0.39;20,66%;-19,12%;0.0;-853187000.0;-7.80;7,12%
GVTT3;57.7;57.38;3.68;4.312;0,00%;2.268;21.82;25.92;-18.43;26.65;26.65;48,71%;16,64%;7,52%;1.66;10,32%;6,42%;0.0;2150790000.0;0.10;31,47%
FLCL6;9.91;57.51;9.31;2.999;0,00%;1.929;26.73;19.44;-4.11;24.18;17.77;22,86%;15,43%;5,21%;1.29;11,85%;16,19%;0.0;479727000.0;2.27;48,82%
ALPK3;4.43;58.16;2.64;0.485;0,17%;0.383;-5.89;3.66;-0.57;8.26;4.11;30,06%;13,24%;1,20%;0.73;12,01%;4,55%;531549.0;367393000.0;3.32;18,49%
CSAB3;30.5;58.43;1.11;312.32;0,00%;0.566;0.0;18.86;0.0;0.0;0.0;-250,67%;1.656,27%;534,53%;0.0;0,00%;1,89%;0.0;211654000.0;0.00;-17,83%
AEDU3;18.35;59.34;3.32;4.141;0,00%;2.159;17.0;41.06;-21.55;43.27;29.01;43,23%;10,08%;6,98%;2.04;5,77%;5,60%;0.0;2415400000.0;0.18;20,90%
HETA3;96.0;60.52;-0.14;10.97;0,00%;4.445;-10.57;12.27;-0.14;93.59;93.59;100,00%;89,42%;18,13%;0.2;36,48%;-0,23%;0.0;-349545000.0;-0.93;10,44%
APER3;46.75;61.59;1.43;1.866;0,00%;0.676;4.77;11.2;-2.97;13.07;8.7;100,00%;16,67%;2,99%;1.89;7,41%;2,32%;0.0;666059000.0;0.24;50,50%
ELCA3;24.7;61.72;9.85;3.145;0,00%;1.776;16.27;15.91;-3.25;20.29;16.02;25,16%;19,76%;6,51%;1.73;12,75%;15,96%;0.0;6441800000.0;2.71;6,36%
SUBA3;84.0;61.95;8.39;8.067;0,00%;6.778;8.03;115.78;8.09;106.17;106.17;28,06%;6,97%;13,02%;5.55;19,11%;13,54%;0.0;530396000.0;-0.70;0,00%
MBRF3;16.78;63.49;2.03;0.14;0,00%;0.166;8.6;3.94;-0.32;12.54;5.8;12,31%;3,54%;0,09%;1.05;6,29%;3,20%;91148400.0;11383700000.0;4.45;11,30%
HBOR3;2.17;63.74;0.2;0.263;6,14%;0.043;0.13;2.1;-1.06;14.95;13.51;29,90%;12,51%;5,95%;2.55;2,16%;0,31%;1185490.0;1448250000.0;1.22;6,37%
MGLU3;7.46;65.4;0.52;0.151;1,09%;0.161;3.7;3.9;-0.79;6.05;3.22;29,88%;3,87%;0,23%;1.1;6,07%;0,79%;149854000.0;11166700000.0;0.29;1,80%
FLCL3;11.5;66.74;10.8;3.48;0,00%;2.238;31.01;22.56;-4.77;27.3;20.07;22,86%;15,43%;5,21%;1.29;11,85%;16,19%;0.0;479727000.0;2.27;48,82%
CBEE3;8.62;68.74;0.39;0.376;0,00%;0.176;-1.55;2.46;-0.5;5.62;4.1;18,58%;15,29%;0,55%;0.64;7,82%;0,57%;989.4;9946010000.0;0.50;5,10%
BRIV4;12.54;70.08;0.66;0.0;2,61%;0.0;0.0;0.0;0.0;0.0;0.0;0,00%;0,00%;0,00%;0.0;0,00%;0,95%;0.0;1671490000.0;0.00;-44,72%
DAGB33;375.0;71.75;1.6;0.64;0,00%;0.51;15.24;11.87;-1.27;19.35;30.65;59,84%;5,39%;1,67%;1.17;4,96%;2,24%;0.0;12597300000.0;1.01;32,08%
BRIV3;12.86;71.86;0.68;0.0;0,00%;0.0;0.0;0.0;0.0;0.0;0.0;0,00%;0,00%;0,00%;0.0;0,00%;0,95%;0.0;1671490000.0;0.00;-44,72%
FLCL5;12.5;72.55;11.74;3.783;0,00%;2.433;33.71;24.52;-5.19;29.26;21.51;22,86%;15,43%;5,21%;1.29;11,85%;16,19%;0.0;479727000.0;2.27;48,82%
MLFT4;22.39;72.83;9.42;30.448;0,00%;4.62;25.56;49.52;-20.59;51.8;44.95;73,82%;61,49%;41,81%;2.73;12,16%;12,93%;0.0;4937140000.0;0.43;11,17%
CTPC3;0.2;76.36;1.08;0.0;0,00%;0.097;0.0;-16.86;0.0;-18.75;-18.75;0,00%;0,00%;0,00%;0.0;0,00%;1,41%;0.0;2411000.0;0.12;-6,10%
RLOG3;23.08;82.76;4.26;1.534;0,00%;0.229;1.49;5.32;-0.5;12.43;6.68;34,71%;28,85%;7,07%;2.64;5,36%;5,15%;0.0;2507240000.0;5.70;8,76%
CSAB4;48.97;93.81;1.78;501.453;0,00%;0.909;0.0;30.28;0.0;0.0;0.0;-250,67%;1.656,27%;534,53%;0.0;0,00%;1,89%;0.0;211654000.0;0.00;-17,83%
HGTX3;37.5;101.99;3.57;4.178;0,00%;2.48;7.5;105.87;9.93;106.77;42.5;40,58%;3,95%;4,10%;2.47;3,00%;3,51%;0.0;1704940000.0;0.03;-4,62%
PQUN3;15.44;104.31;1.88;0.545;0,00%;0.523;7.57;19.5;-0.97;40.25;40.25;6,24%;2,80%;0,52%;1.61;3,02%;1,81%;0.0;858692000.0;2.00;5,19%
PQUN4;15.44;104.31;1.88;0.545;0,00%;0.523;7.57;19.5;-0.97;40.25;40.25;6,24%;2,80%;0,52%;1.61;3,02%;1,81%;0.0;858692000.0;2.00;5,19%
TMAR6;42.01;112.59;0.71;0.519;0,00%;0.181;1.49;4.04;-0.5;8.29;3.21;41,92%;12,84%;-0,42%;1.62;5,78%;0,63%;0.0;20448500000.0;0.74;14,80%
TMAR5;42.67;114.35;0.72;0.527;0,00%;0.184;1.51;4.1;-0.51;8.35;3.24;41,92%;12,84%;-0,42%;1.62;5,78%;0,63%;0.0;20448500000.0;0.74;14,80%
NETC3;38.5;123.1;2.12;1.29;0,00%;1.074;-33.02;10.82;-2.96;12.15;5.27;33,54%;11,93%;1,55%;0.8;10,95%;1,72%;0.0;6812390000.0;0.26;66,63%
NETC4;40.0;127.89;2.2;1.34;0,00%;1.116;-34.31;11.24;-3.08;12.57;5.45;33,54%;11,93%;1,55%;0.8;10,95%;1,72%;0.0;6812390000.0;0.26;66,63%
BRAV3;18.12;154.58;0.69;0.682;0,68%;0.202;5.77;2.85;-0.38;6.39;3.19;27,86%;23,94%;0,44%;1.26;8,30%;0,44%;92146700.0;12282500000.0;0.85;83,92%
TMAR3;62.0;166.16;1.04;0.765;0,00%;0.268;2.2;5.96;-0.74;10.21;3.96;41,92%;12,84%;-0,42%;1.62;5,78%;0,63%;0.0;20448500000.0;0.74;14,80%
ORVR3;17.37;189.86;1.97;6.364;0,00%;0.842;5.87;27.3;-2.91;33.68;21.46;39,07%;23,31%;5,32%;2.38;3,71%;1,04%;44708700.0;4851720000.0;0.46;27,54%
BIDI3;3.4;225.51;1.06;0.0;0,00%;0.0;0.0;0.0;0.0;0.0;0.0;0,00%;0,00%;0,00%;0.0;0,00%;0,47%;0.0;8348550000.0;0.00;37,00%
BIDI4;3.41;226.17;1.06;0.0;0,00%;0.0;0.0;0.0;0.0;0.0;0.0;0,00%;0,00%;0,00%;0.0;0,00%;0,47%;0.0;8348550000.0;0.00;37,00%
ROMI4;185.0;229.71;13.8;13.328;0,00%;6.449;19.64;283.74;88.06;293.31;132.85;27,17%;4,70%;5,88%;2.19;2,77%;6,01%;0.0;1249000000.0;0.47;-3,85%
BIDI11;10.4;229.93;1.08;0.0;0,00%;0.0;0.0;0.0;0.0;0.0;0.0;0,00%;0,00%;0,00%;0.0;0,00%;0,47%;0.0;8348550000.0;0.00;37,00%
ELEV3;24.3;312.39;3.22;0.688;0,00%;0.954;5.75;37.19;-5.18;51.41;51.41;21,15%;1,85%;0,27%;1.47;3,01%;1,03%;0.0;489356000.0;1.23;3,69%
RHDS4;1.0;363.45;29.5;4.977;0,00%;7.182;-593.56;68.11;-24.55;71.32;53.72;17,17%;7,31%;1,17%;0.97;11,80%;8,12%;0.0;272045000.0;1.39;4,38%
CESP5;25.0;375.99;1.93;4.892;0,00%;0.652;12.44;11.42;-1.16;18.68;10.91;24,91%;42,83%;1,30%;2.12;6,25%;0,51%;0.0;4527880000.0;1.22;-4,47%
CESP6;25.25;379.75;1.94;4.941;0,00%;0.658;12.56;11.54;-1.17;18.79;10.98;24,91%;42,83%;1,30%;2.12;6,25%;0,51%;0.0;4527880000.0;1.22;-4,47%
CESP3;25.55;384.27;1.97;4.999;0,00%;0.666;12.71;11.67;-1.18;18.93;11.06;24,91%;42,83%;1,30%;2.12;6,25%;0,51%;0.0;4527880000.0;1.22;-4,47%
PRBC4;14.54;434.35;35.9;0.0;0,00%;0.0;0.0;0.0;0.0;0.0;0.0;0,00%;0,00%;0,00%;0.0;0,00%;8,27%;0.0;1319270000.0;0.00;-1,98%
UBBR4;7.49;610.27;1.99;0.0;0,00%;0.0;0.0;0.0;0.0;0.0;0.0;0,00%;0,00%;0,00%;0.0;0,00%;0,33%;0.0;10317200000.0;0.00;10,58%
UBBR11;14.75;1201.81;3.91;0.0;0,00%;0.0;0.0;0.0;0.0;0.0;0.0;0,00%;0,00%;0,00%;0.0;0,00%;0,33%;0.0;10317200000.0;0.00;10,58%
UBBR3;18.0;1466.61;4.77;0.0;0,00%;0.0;0.0;0.0;0.0;0.0;0.0;0,00%;0,00%;0,00%;0.0;0,00%;0,33%;0.0;10317200000.0;0.00;10,58%
TIMS3;18.33;3193.15;1.74;56.046;8,13%;0.762;-19.76;120.48;-2.2;115.28;111.26;76,71%;46,52%;1,76%;0.85;0,76%;0,05%;148197000.0;25015400000.0;-0.08;-53,40%
